STATION,NAME,DATE,1948,1949,1950,1951,1952,1953,1954,1955,1956,1957,1958,1959,1960,1961,1962,1963,1964,1965,1966,1967,1968,1969,1970,1971,1972,1973,1974,1975,1976,1977,1978,1979,1980,1981,1982,1983,1984,1985,1986,1987,1988,1989,1990,1991,1992,1993,1994,1995,1996,1997,1998,1999,2000,2001,2002,2003,2004,2005,2006,2007,2008,2009,2010,2011,2012,2013,2014,2015,2016,2017,2018,2019,2020,2021,2022,2023
USW00024233,"SEATTLE TACOMA AIRPORT, WA US",01-01,,,,,,,,,,,,,,,,,,,,,,,,,,,,,,,,,,,,,,,,,,,,,,,,,,,,42,40,42,46,44,34,41,,,,,,,,,42,33,36,35,36,38,51,48,25,44
USW00024233,"SEATTLE TACOMA AIRPORT, WA US",01-02,,,,,,,,,,,,,,,,,,,,,,,,,,,,,,,,,,,,,,,,,,,,,,,,,,,,38,25,47,46,51,34,36,,,,,,,,,45,35,33,32,37,37,45,48,34,40
USW00024233,"SEATTLE TACOMA AIRPORT, WA US",01-03,,,,,,,,,,,,,,,,,,,,,,,,,,,,,,,,,,,,,,,,,,,,,,,,,,,,37,42,45,44,50,30,34,,,,,,,,,45,38,37,27,39,47,48,44,38,41
USW00024233,"SEATTLE TACOMA AIRPORT, WA US",01-04,,,,,,,,,,,,,,,,,,,,,,,,,,,,,,,,,,,,,,,,,,,,,,,,,,,,40,46,50,46,50,24,34,,,,,,,,,41,40,36,27,41,51,47,47,36,44
USW00024233,"SEATTLE TACOMA AIRPORT, WA US",01-05,,,,,,,,,,,,,,,,,,,,,,,,,,,,,,,,,,,,,,,,,,,,,,,,,,,,43,41,46,46,46,23,32,,,,,,,,,37,51,38,28,46,46,44,44,38,51
USW00024233,"SEATTLE TACOMA AIRPORT, WA US",01-06,,,,,,,,,,,,,,,,,,,,,,,,,,,,,,,,,,,,,,,,,,,,,,,,,,,,43,37,41,50,45,27,33,,,,,,,,,38,51,44,29,47,45,45,46,41,49
USW00024233,"SEATTLE TACOMA AIRPORT, WA US",01-07,,,,,,,,,,,,,,,,,,,,,,,,,,,,,,,,,,,,,,,,,,,,,,,,,,,,44,43,46,55,44,35,39,,,,,,,,,44,45,41,33,44,40,51,44,47,47
USW00024233,"SEATTLE TACOMA AIRPORT, WA US",01-08,,,,,,,,,,,,,,,,,,,,,,,,,,,,,,,,,,,,,,,,,,,,,,,,,,,,44,41,44,49,43,42,39,,,,,,,,,47,41,42,37,45,41,45,47,39,45
USW00024233,"SEATTLE TACOMA AIRPORT, WA US",01-09,,,,,,,,,,,,,,,,,,,,,,,,,,,,,,,,,,,,,,,,,,,,,,,,,,,,43,40,41,45,48,48,35,,,,,,,,,46,40,39,39,45,47,36,39,40,48
USW00024233,"SEATTLE TACOMA AIRPORT, WA US",01-10,,,,,,,,,,,,,,,,,,,,,,,,,,,,,,,,,,,,,,,,,,,,,,,,,,,,48,35,46,44,45,44,33,,,,,,,,,47,45,43,37,43,50,38,44,42,47
USW00024233,"SEATTLE TACOMA AIRPORT, WA US",01-11,,,,,,,,,,,,,,,,,,,,,,,,,,,,,,,,,,,,,,,,,,,,,,,,,,,,45,36,46,47,44,41,31,,,,,,,,,49,46,41,32,44,51,44,46,48,50
USW00024233,"SEATTLE TACOMA AIRPORT, WA US",01-12,,,,,,,,,,,,,,,,,,,,,,,,,,,,,,,,,,,,,,,,,,,,,,,,,,,,45,35,42,45,45,42,42,,,,,,,,,46,46,45,31,50,51,42,50,52,49
USW00024233,"SEATTLE TACOMA AIRPORT, WA US",01-13,,,,,,,,,,,,,,,,,,,,,,,,,,,,,,,,,,,,,,,,,,,,,,,,,,,,43,38,39,38,46,46,36,,,,,,,,,51,43,47,31,50,47,35,50,49,51
USW00024233,"SEATTLE TACOMA AIRPORT, WA US",01-14,,,,,,,,,,,,,,,,,,,,,,,,,,,,,,,,,,,,,,,,,,,,,,,,,,,,47,41,39,38,43,49,33,,,,,,,,,50,38,42,34,47,43,30,44,45,50
USW00024233,"SEATTLE TACOMA AIRPORT, WA US",01-15,,,,,,,,,,,,,,,,,,,,,,,,,,,,,,,,,,,,,,,,,,,,,,,,,,,,44,39,36,38,38,48,32,,,,,,,,,47,40,40,34,48,39,35,48,42,49
USW00024233,"SEATTLE TACOMA AIRPORT, WA US",01-16,,,,,,,,,,,,,,,,,,,,,,,,,,,,,,,,,,,,,,,,,,,,,,,,,,,,43,43,33,35,42,45,38,,,,,,,,,43,47,46,36,52,44,41,44,40,45
USW00024233,"SEATTLE TACOMA AIRPORT, WA US",01-17,,,,,,,,,,,,,,,,,,,,,,,,,,,,,,,,,,,,,,,,,,,,,,,,,,,,43,42,34,38,44,42,48,,,,,,,,,40,44,47,43,49,51,37,45,40,43
USW00024233,"SEATTLE TACOMA AIRPORT, WA US",01-18,,,,,,,,,,,,,,,,,,,,,,,,,,,,,,,,,,,,,,,,,,,,,,,,,,,,46,36,41,37,42,45,57,,,,,,,,,39,50,47,46,48,50,42,45,46,44
USW00024233,"SEATTLE TACOMA AIRPORT, WA US",01-19,,,,,,,,,,,,,,,,,,,,,,,,,,,,,,,,,,,,,,,,,,,,,,,,,,,,45,37,43,40,43,47,56,,,,,,,,,41,47,45,46,42,48,48,39,45,40
USW00024233,"SEATTLE TACOMA AIRPORT, WA US",01-20,,,,,,,,,,,,,,,,,,,,,,,,,,,,,,,,,,,,,,,,,,,,,,,,,,,,47,41,43,42,42,41,52,,,,,,,,,41,43,44,46,43,44,50,40,49,39
USW00024233,"SEATTLE TACOMA AIRPORT, WA US",01-21,,,,,,,,,,,,,,,,,,,,,,,,,,,,,,,,,,,,,,,,,,,,,,,,,,,,43,44,43,38,43,39,55,,,,,,,,,40,40,47,45,48,41,49,43,43,37
USW00024233,"SEATTLE TACOMA AIRPORT, WA US",01-22,,,,,,,,,,,,,,,,,,,,,,,,,,,,,,,,,,,,,,,,,,,,,,,,,,,,41,42,44,38,47,40,53,,,,,,,,,46,44,51,45,43,43,45,43,40,40
USW00024233,"SEATTLE TACOMA AIRPORT, WA US",01-23,,,,,,,,,,,,,,,,,,,,,,,,,,,,,,,,,,,,,,,,,,,,,,,,,,,,38,40,52,40,51,44,51,,,,,,,,,44,49,45,41,42,48,51,35,37,39
USW00024233,"SEATTLE TACOMA AIRPORT, WA US",01-24,,,,,,,,,,,,,,,,,,,,,,,,,,,,,,,,,,,,,,,,,,,,,,,,,,,,37,42,43,43,49,39,50,,,,,,,,,42,54,44,37,46,46,51,40,36,40
USW00024233,"SEATTLE TACOMA AIRPORT, WA US",01-25,,,,,,,,,,,,,,,,,,,,,,,,,,,,,,,,,,,,,,,,,,,,,,,,,,,,38,43,40,38,50,38,44,,,,,,,,,42,55,44,38,41,44,48,40,36,44
USW00024233,"SEATTLE TACOMA AIRPORT, WA US",01-26,,,,,,,,,,,,,,,,,,,,,,,,,,,,,,,,,,,,,,,,,,,,,,,,,,,,38,40,42,35,51,43,45,,,,,,,,,42,50,49,43,40,42,49,38,35,42
USW00024233,"SEATTLE TACOMA AIRPORT, WA US",01-27,,,,,,,,,,,,,,,,,,,,,,,,,,,,,,,,,,,,,,,,,,,,,,,,,,,,41,41,42,32,48,45,47,,,,,,,,,39,51,52,44,43,41,48,41,35,44
USW00024233,"SEATTLE TACOMA AIRPORT, WA US",01-28,,,,,,,,,,,,,,,,,,,,,,,,,,,,,,,,,,,,,,,,,,,,,,,,,,,,42,39,36,30,46,41,48,,,,,,,,,45,48,53,45,47,43,47,42,37,43
USW00024233,"SEATTLE TACOMA AIRPORT, WA US",01-29,,,,,,,,,,,,,,,,,,,,,,,,,,,,,,,,,,,,,,,,,,,,,,,,,,,,44,43,42,30,44,51,45,,,,,,,,,48,45,47,43,49,43,48,43,41,36
USW00024233,"SEATTLE TACOMA AIRPORT, WA US",01-30,,,,,,,,,,,,,,,,,,,,,,,,,,,,,,,,,,,,,,,,,,,,,,,,,,,,37,43,42,37,51,45,46,,,,,,,,,46,41,42,44,44,42,46,44,45,31
USW00024233,"SEATTLE TACOMA AIRPORT, WA US",01-31,,,,,,,,,,,,,,,,,,,,,,,,,,,,,,,,,,,,,,,,,,,,,,,,,,,,39,44,43,39,50,40,48,,,,,,,,,44,40,40,41,42,44,51,47,42,35
USW00024233,"SEATTLE TACOMA AIRPORT, WA US",02-01,,,,,,,,,,,,,,,,,,,,,,,,,,,,,,,,,,,,,,,,,,,,,,,,,,,,41,45,43,42,46,41,45,,,,,,,,,43,43,41,36,44,48,53,46,39,38
USW00024233,"SEATTLE TACOMA AIRPORT, WA US",02-02,,,,,,,,,,,,,,,,,,,,,,,,,,,,,,,,,,,,,,,,,,,,,,,,,,,,45,42,42,42,46,42,52,,,,,,,,,40,46,41,38,48,47,39,45,37,40
USW00024233,"SEATTLE TACOMA AIRPORT, WA US",02-03,,,,,,,,,,,,,,,,,,,,,,,,,,,,,,,,,,,,,,,,,,,,,,,,,,,,42,50,42,42,43,44,45,,,,,,,,,39,48,43,37,49,41,38,42,43,44
USW00024233,"SEATTLE TACOMA AIRPORT, WA US",02-04,,,,,,,,,,,,,,,,,,,,,,,,,,,,,,,,,,,,,,,,,,,,,,,,,,,,44,48,46,41,41,42,46,,,,,,,,,34,45,44,41,51,29,35,44,44,47
USW00024233,"SEATTLE TACOMA AIRPORT, WA US",02-05,,,,,,,,,,,,,,,,,,,,,,,,,,,,,,,,,,,,,,,,,,,,,,,,,,,,41,46,41,40,38,39,40,,,,,,,,,29,50,46,39,49,27,43,48,44,45
USW00024233,"SEATTLE TACOMA AIRPORT, WA US",02-06,,,,,,,,,,,,,,,,,,,,,,,,,,,,,,,,,,,,,,,,,,,,,,,,,,,,46,50,37,46,39,44,40,,,,,,,,,24,55,46,33,46,28,49,46,41,45
USW00024233,"SEATTLE TACOMA AIRPORT, WA US",02-07,,,,,,,,,,,,,,,,,,,,,,,,,,,,,,,,,,,,,,,,,,,,,,,,,,,,40,48,34,42,37,43,41,,,,,,,,,28,52,43,35,49,31,47,44,45,46
USW00024233,"SEATTLE TACOMA AIRPORT, WA US",02-08,,,,,,,,,,,,,,,,,,,,,,,,,,,,,,,,,,,,,,,,,,,,,,,,,,,,38,45,34,43,36,40,40,,,,,,,,,34,52,46,36,51,33,45,40,44,43
USW00024233,"SEATTLE TACOMA AIRPORT, WA US",02-09,,,,,,,,,,,,,,,,,,,,,,,,,,,,,,,,,,,,,,,,,,,,,,,,,,,,35,44,41,45,35,38,41,,,,,,,,,34,52,48,44,44,31,43,38,45,46
USW00024233,"SEATTLE TACOMA AIRPORT, WA US",02-10,,,,,,,,,,,,,,,,,,,,,,,,,,,,,,,,,,,,,,,,,,,,,,,,,,,,37,41,39,43,38,40,40,,,,,,,,,40,52,52,47,40,27,42,36,47,48
USW00024233,"SEATTLE TACOMA AIRPORT, WA US",02-11,,,,,,,,,,,,,,,,,,,,,,,,,,,,,,,,,,,,,,,,,,,,,,,,,,,,41,42,41,39,41,48,42,,,,,,,,,48,48,50,41,39,33,41,36,45,44
USW00024233,"SEATTLE TACOMA AIRPORT, WA US",02-12,,,,,,,,,,,,,,,,,,,,,,,,,,,,,,,,,,,,,,,,,,,,,,,,,,,,48,39,39,38,41,48,44,,,,,,,,,50,52,52,41,39,35,46,31,44,40
USW00024233,"SEATTLE TACOMA AIRPORT, WA US",02-13,,,,,,,,,,,,,,,,,,,,,,,,,,,,,,,,,,,,,,,,,,,,,,,,,,,,44,40,38,37,43,46,41,,,,,,,,,50,52,48,42,37,37,43,27,42,45
USW00024233,"SEATTLE TACOMA AIRPORT, WA US",02-14,,,,,,,,,,,,,,,,,,,,,,,,,,,,,,,,,,,,,,,,,,,,,,,,,,,,40,39,37,41,46,45,37,,,,,,,,,49,53,48,45,40,37,44,31,47,36
USW00024233,"SEATTLE TACOMA AIRPORT, WA US",02-15,,,,,,,,,,,,,,,,,,,,,,,,,,,,,,,,,,,,,,,,,,,,,,,,,,,,42,43,37,46,46,47,35,,,,,,,,,45,47,52,49,40,41,44,36,44,36
USW00024233,"SEATTLE TACOMA AIRPORT, WA US",02-16,,,,,,,,,,,,,,,,,,,,,,,,,,,,,,,,,,,,,,,,,,,,,,,,,,,,46,41,35,44,46,46,41,,,,,,,,,44,47,51,51,42,40,43,42,46,39
USW00024233,"SEATTLE TACOMA AIRPORT, WA US",02-17,,,,,,,,,,,,,,,,,,,,,,,,,,,,,,,,,,,,,,,,,,,,,,,,,,,,42,40,42,43,44,46,42,,,,,,,,,44,49,52,48,46,38,41,42,42,42
USW00024233,"SEATTLE TACOMA AIRPORT, WA US",02-18,,,,,,,,,,,,,,,,,,,,,,,,,,,,,,,,,,,,,,,,,,,,,,,,,,,,43,40,44,46,43,48,43,,,,,,,,,44,48,49,44,38,38,40,42,45,43
USW00024233,"SEATTLE TACOMA AIRPORT, WA US",02-19,,,,,,,,,,,,,,,,,,,,,,,,,,,,,,,,,,,,,,,,,,,,,,,,,,,,43,43,43,44,45,44,38,,,,,,,,,43,50,47,44,32,40,41,44,43,43
USW00024233,"SEATTLE TACOMA AIRPORT, WA US",02-20,,,,,,,,,,,,,,,,,,,,,,,,,,,,,,,,,,,,,,,,,,,,,,,,,,,,42,48,45,43,46,43,42,,,,,,,,,45,49,43,43,31,40,48,42,43,46
USW00024233,"SEATTLE TACOMA AIRPORT, WA US",02-21,,,,,,,,,,,,,,,,,,,,,,,,,,,,,,,,,,,,,,,,,,,,,,,,,,,,45,46,48,50,46,45,41,,,,,,,,,43,47,42,43,31,39,45,46,38,42
USW00024233,"SEATTLE TACOMA AIRPORT, WA US",02-22,,,,,,,,,,,,,,,,,,,,,,,,,,,,,,,,,,,,,,,,,,,,,,,,,,,,46,44,44,49,45,52,43,,,,,,,,,40,47,45,41,31,39,45,49,33,36
USW00024233,"SEATTLE TACOMA AIRPORT, WA US",02-23,,,,,,,,,,,,,,,,,,,,,,,,,,,,,,,,,,,,,,,,,,,,,,,,,,,,44,44,42,40,41,47,45,,,,,,,,,42,43,44,38,30,40,45,44,29,31
USW00024233,"SEATTLE TACOMA AIRPORT, WA US",02-24,,,,,,,,,,,,,,,,,,,,,,,,,,,,,,,,,,,,,,,,,,,,,,,,,,,,49,41,43,37,38,47,48,,,,,,,,,41,45,51,37,37,40,43,38,33,29
USW00024233,"SEATTLE TACOMA AIRPORT, WA US",02-25,,,,,,,,,,,,,,,,,,,,,,,,,,,,,,,,,,,,,,,,,,,,,,,,,,,,43,41,42,39,37,45,45,,,,,,,,,44,47,49,39,42,38,43,42,34,31
USW00024233,"SEATTLE TACOMA AIRPORT, WA US",02-26,,,,,,,,,,,,,,,,,,,,,,,,,,,,,,,,,,,,,,,,,,,,,,,,,,,,42,45,40,41,40,47,41,,,,,,,,,48,48,52,39,37,37,47,44,41,38
USW00024233,"SEATTLE TACOMA AIRPORT, WA US",02-27,,,,,,,,,,,,,,,,,,,,,,,,,,,,,,,,,,,,,,,,,,,,,,,,,,,,44,47,44,37,42,47,48,,,,,,,,,48,49,50,38,40,37,47,40,44,37
USW00024233,"SEATTLE TACOMA AIRPORT, WA US",02-28,,,,,,,,,,,,,,,,,,,,,,,,,,,,,,,,,,,,,,,,,,,,,,,,,,,,44,45,42,40,43,46,52,,,,,,,,,49,47,49,37,42,38,45,45,49,39
USW00024233,"SEATTLE TACOMA AIRPORT, WA US",02-29,,,,,,,,,,,,,,,,,,,,,,,,,,,,,,,,,,,,,,,,,,,,,,,,,,,,41,47,41,39,44,46,53,,,,,,,,,45,44,45,44,44,42,44,46,53,35
USW00024233,"SEATTLE TACOMA AIRPORT, WA US",03-01,,,,,,,,,,,,,,,,,,,,,,,,,,,,,,,,,,,,,,,,,,,,,,,,,,,,41,44,41,41,41,45,50,,,,,,,,,40,46,49,44,42,42,40,47,50,40
USW00024233,"SEATTLE TACOMA AIRPORT, WA US",03-02,,,,,,,,,,,,,,,,,,,,,,,,,,,,,,,,,,,,,,,,,,,,,,,,,,,,42,47,39,43,44,42,51,,,,,,,,,49,43,47,47,41,40,44,44,45,39
USW00024233,"SEATTLE TACOMA AIRPORT, WA US",03-03,,,,,,,,,,,,,,,,,,,,,,,,,,,,,,,,,,,,,,,,,,,,,,,,,,,,41,46,44,46,44,42,51,,,,,,,,,51,41,51,41,40,37,49,44,44,38
USW00024233,"SEATTLE TACOMA AIRPORT, WA US",03-04,,,,,,,,,,,,,,,,,,,,,,,,,,,,,,,,,,,,,,,,,,,,,,,,,,,,40,40,51,41,44,45,51,,,,,,,,,54,46,49,40,41,38,46,49,43,39
USW00024233,"SEATTLE TACOMA AIRPORT, WA US",03-05,,,,,,,,,,,,,,,,,,,,,,,,,,,,,,,,,,,,,,,,,,,,,,,,,,,,40,40,51,35,43,46,55,,,,,,,,,54,48,52,38,44,38,46,45,42,39
USW00024233,"SEATTLE TACOMA AIRPORT, WA US",03-06,,,,,,,,,,,,,,,,,,,,,,,,,,,,,,,,,,,,,,,,,,,,,,,,,,,,40,40,52,34,40,44,57,,,,,,,,,52,49,53,37,43,37,43,44,42,43
USW00024233,"SEATTLE TACOMA AIRPORT, WA US",03-07,,,,,,,,,,,,,,,,,,,,,,,,,,,,,,,,,,,,,,,,,,,,,,,,,,,,46,44,47,35,39,50,56,,,,,,,,,50,50,45,41,45,37,42,41,44,39
USW00024233,"SEATTLE TACOMA AIRPORT, WA US",03-08,,,,,,,,,,,,,,,,,,,,,,,,,,,,,,,,,,,,,,,,,,,,,,,,,,,,42,45,45,43,47,55,53,,,,,,,,,54,50,44,39,46,36,40,45,41,39
USW00024233,"SEATTLE TACOMA AIRPORT, WA US",03-09,,,,,,,,,,,,,,,,,,,,,,,,,,,,,,,,,,,,,,,,,,,,,,,,,,,,45,46,45,45,50,48,55,,,,,,,,,50,47,46,48,44,40,40,43,38,45
USW00024233,"SEATTLE TACOMA AIRPORT, WA US",03-10,,,,,,,,,,,,,,,,,,,,,,,,,,,,,,,,,,,,,,,,,,,,,,,,,,,,43,46,45,47,48,47,54,,,,,,,,,47,53,50,45,51,42,43,44,43,43
USW00024233,"SEATTLE TACOMA AIRPORT, WA US",03-11,,,,,,,,,,,,,,,,,,,,,,,,,,,,,,,,,,,,,,,,,,,,,,,,,,,,45,44,47,42,51,47,54,,,,,,,,,49,55,45,48,57,42,47,45,47,41
USW00024233,"SEATTLE TACOMA AIRPORT, WA US",03-12,,,,,,,,,,,,,,,,,,,,,,,,,,,,,,,,,,,,,,,,,,,,,,,,,,,,50,42,45,41,55,44,51,,,,,,,,,50,55,47,50,60,42,44,47,47,44
USW00024233,"SEATTLE TACOMA AIRPORT, WA US",03-13,,,,,,,,,,,,,,,,,,,,,,,,,,,,,,,,,,,,,,,,,,,,,,,,,,,,46,50,43,43,53,47,49,,,,,,,,,53,56,44,52,47,45,41,47,46,42
USW00024233,"SEATTLE TACOMA AIRPORT, WA US",03-14,,,,,,,,,,,,,,,,,,,,,,,,,,,,,,,,,,,,,,,,,,,,,,,,,,,,41,43,42,39,51,50,49,,,,,,,,,52,49,42,50,45,49,38,40,46,44
USW00024233,"SEATTLE TACOMA AIRPORT, WA US",03-15,,,,,,,,,,,,,,,,,,,,,,,,,,,,,,,,,,,,,,,,,,,,,,,,,,,,44,42,41,34,47,46,45,,,,,,,,,49,47,42,45,47,50,37,42,46,43
USW00024233,"SEATTLE TACOMA AIRPORT, WA US",03-16,,,,,,,,,,,,,,,,,,,,,,,,,,,,,,,,,,,,,,,,,,,,,,,,,,,,46,46,46,36,45,47,47,,,,,,,,,43,48,45,43,46,51,43,44,46,48
USW00024233,"SEATTLE TACOMA AIRPORT, WA US",03-17,,,,,,,,,,,,,,,,,,,,,,,,,,,,,,,,,,,,,,,,,,,,,,,,,,,,46,43,49,37,46,48,44,,,,,,,,,43,51,44,48,46,57,44,48,47,52
USW00024233,"SEATTLE TACOMA AIRPORT, WA US",03-18,,,,,,,,,,,,,,,,,,,,,,,,,,,,,,,,,,,,,,,,,,,,,,,,,,,,50,45,44,40,47,43,46,,,,,,,,,47,52,53,42,45,67,44,47,48,54
USW00024233,"SEATTLE TACOMA AIRPORT, WA US",03-19,,,,,,,,,,,,,,,,,,,,,,,,,,,,,,,,,,,,,,,,,,,,,,,,,,,,53,42,45,34,48,43,48,,,,,,,,,42,53,55,45,46,68,47,47,42,49
USW00024233,"SEATTLE TACOMA AIRPORT, WA US",03-20,,,,,,,,,,,,,,,,,,,,,,,,,,,,,,,,,,,,,,,,,,,,,,,,,,,,51,41,46,43,47,49,43,,,,,,,,,44,51,52,49,46,58,51,43,43,48
USW00024233,"SEATTLE TACOMA AIRPORT, WA US",03-21,,,,,,,,,,,,,,,,,,,,,,,,,,,,,,,,,,,,,,,,,,,,,,,,,,,,55,49,46,44,47,54,45,,,,,,,,,42,48,50,51,47,53,48,44,51,48
USW00024233,"SEATTLE TACOMA AIRPORT, WA US",03-22,,,,,,,,,,,,,,,,,,,,,,,,,,,,,,,,,,,,,,,,,,,,,,,,,,,,51,46,49,49,44,57,47,,,,,,,,,46,46,48,46,41,51,47,45,54,48
USW00024233,"SEATTLE TACOMA AIRPORT, WA US",03-23,,,,,,,,,,,,,,,,,,,,,,,,,,,,,,,,,,,,,,,,,,,,,,,,,,,,47,45,52,49,41,49,48,,,,,,,,,48,47,48,49,41,50,45,47,46,40
USW00024233,"SEATTLE TACOMA AIRPORT, WA US",03-24,,,,,,,,,,,,,,,,,,,,,,,,,,,,,,,,,,,,,,,,,,,,,,,,,,,,45,45,48,49,49,47,45,,,,,,,,,54,50,47,47,43,51,43,46,49,40
USW00024233,"SEATTLE TACOMA AIRPORT, WA US",03-25,,,,,,,,,,,,,,,,,,,,,,,,,,,,,,,,,,,,,,,,,,,,,,,,,,,,42,45,44,44,46,47,47,,,,,,,,,47,57,47,46,44,48,42,47,51,42
USW00024233,"SEATTLE TACOMA AIRPORT, WA US",03-26,,,,,,,,,,,,,,,,,,,,,,,,,,,,,,,,,,,,,,,,,,,,,,,,,,,,41,47,43,40,48,47,48,,,,,,,,,47,58,49,47,47,49,43,47,53,42
USW00024233,"SEATTLE TACOMA AIRPORT, WA US",03-27,,,,,,,,,,,,,,,,,,,,,,,,,,,,,,,,,,,,,,,,,,,,,,,,,,,,40,46,46,47,47,49,44,,,,,,,,,48,54,50,47,47,52,45,47,53,53
USW00024233,"SEATTLE TACOMA AIRPORT, WA US",03-28,,,,,,,,,,,,,,,,,,,,,,,,,,,,,,,,,,,,,,,,,,,,,,,,,,,,43,44,44,48,55,51,46,,,,,,,,,48,53,44,49,48,53,49,42,49,51
USW00024233,"SEATTLE TACOMA AIRPORT, WA US",03-29,,,,,,,,,,,,,,,,,,,,,,,,,,,,,,,,,,,,,,,,,,,,,,,,,,,,41,44,,48,57,64,48,,,,,,,,,47,56,49,47,50,53,49,43,49,49
USW00024233,"SEATTLE TACOMA AIRPORT, WA US",03-30,,,,,,,,,,,,,,,,,,,,,,,,,,,,,,,,,,,,,,,,,,,,,,,,,,,,43,48,47,50,51,47,48,,,,,,,,,46,53,54,47,50,55,47,47,46,45
USW00024233,"SEATTLE TACOMA AIRPORT, WA US",03-31,,,,,,,,,,,,,,,,,,,,,,,,,,,,,,,,,,,,,,,,,,,,,,,,,,,45,45,52,44,46,44,45,47,,,,,,,,55,50,47,58,50,47,56,43,50,47,42
USW00024233,"SEATTLE TACOMA AIRPORT, WA US",04-01,,,,,,,,,,,,,,,,,,,,,,,,,,,,,,,,,,,,,,,,,,,,,,,,,,,45,44,55,40,46,42,46,47,,,,,,,,53,49,47,59,48,43,60,43,49,47,40
USW00024233,"SEATTLE TACOMA AIRPORT, WA US",04-02,,,,,,,,,,,,,,,,,,,,,,,,,,,,,,,,,,,,,,,,,,,,,,,,,,,48,41,53,41,49,42,50,47,,,,,,,,53,49,47,54,46,45,56,43,50,48,39
USW00024233,"SEATTLE TACOMA AIRPORT, WA US",04-03,,,,,,,,,,,,,,,,,,,,,,,,,,,,,,,,,,,,,,,,,,,,,,,,,,,49,41,56,82,,43,56,46,,,,,,,,54,48,46,54,49,45,52,43,50,46,42
USW00024233,"SEATTLE TACOMA AIRPORT, WA US",04-04,,,,,,,,,,,,,,,,,,,,,,,,,,,,,,,,,,,,,,,,,,,,,,,,,,,48,44,47,45,,41,50,50,,,,,,,,54,49,48,54,51,49,54,42,43,43,44
USW00024233,"SEATTLE TACOMA AIRPORT, WA US",04-05,,,,,,,,,,,,,,,,,,,,,,,,,,,,,,,,,,,,,,,,,,,,,,,,,,,49,45,45,43,,46,51,54,,,,,,,,50,50,49,49,51,54,50,48,47,45,48
USW00024233,"SEATTLE TACOMA AIRPORT, WA US",04-06,,,,,,,,,,,,,,,,,,,,,,,,,,,,,,,,,,,,,,,,,,,,,,,,,,,44,45,45,44,,49,50,47,,,,,,,,45,56,49,53,53,57,49,49,48,55,51
USW00024233,"SEATTLE TACOMA AIRPORT, WA US",04-07,,,,,,,,,,,,,,,,,,,,,,,,,,,,,,,,,,,,,,,,,,,,,,,,,,,43,43,49,45,55,54,52,46,,,,,,,,46,57,51,59,47,48,52,48,45,55,47
USW00024233,"SEATTLE TACOMA AIRPORT, WA US",04-08,,,,,,,,,,,,,,,,,,,,,,,,,,,,,,,,,,,,,,,,,,,,,,,,,,,48,42,52,45,52,49,53,48,,,,,,,,48,50,51,63,46,50,51,50,44,43,50
USW00024233,"SEATTLE TACOMA AIRPORT, WA US",04-09,,,,,,,,,,,,,,,,,,,,,,,,,,,,,,,,,,,,,,,,,,,,,,,,,,,48,47,51,41,51,52,55,45,,,,,,,,53,50,53,56,49,54,49,54,45,41,47
USW00024233,"SEATTLE TACOMA AIRPORT, WA US",04-10,,,,,,,,,,,,,,,,,,,,,,,,,,,,,,,,,,,,,,,,,,,,,,,,,,,46,51,53,47,53,53,60,44,,,,,,,,49,51,48,53,46,51,49,55,44,42,44
USW00024233,"SEATTLE TACOMA AIRPORT, WA US",04-11,,,,,,,,,,,,,,,,,,,,,,,,,,,,,,,,,,,,,,,,,,,,,,,,,,,46,49,57,43,54,50,63,43,,,,,,,,46,53,47,52,51,45,51,51,46,42,45
USW00024233,"SEATTLE TACOMA AIRPORT, WA US",04-12,,,,,,,,,,,,,,,,,,,,,,,,,,,,,,,,,,,,,,,,,,,,,,,,,,,47,46,58,44,53,50,55,45,,,,,,,,43,54,48,52,49,47,49,50,52,38,45
USW00024233,"SEATTLE TACOMA AIRPORT, WA US",04-13,,,,,,,,,,,,,,,,,,,,,,,,,,,,,,,,,,,,,,,,,,,,,,,,,,,47,49,54,44,46,49,54,45,,,,,,,,44,56,42,48,46,49,46,50,54,38,45
USW00024233,"SEATTLE TACOMA AIRPORT, WA US",04-14,,,,,,,,,,,,,,,,,,,,,,,,,,,,,,,,,,,,,,,,,,,,,,,,,,,48,58,49,51,44,51,49,46,,,,,,,,46,52,45,51,47,47,46,53,59,41,49
USW00024233,"SEATTLE TACOMA AIRPORT, WA US",04-15,,,,,,,,,,,,,,,,,,,,,,,,,,,,,,,,,,,,,,,,,,,,,,,,,,,50,65,51,55,43,51,49,49,,,,,,,,46,50,51,51,52,45,50,54,64,43,48
USW00024233,"SEATTLE TACOMA AIRPORT, WA US",04-16,,,,,,,,,,,,,,,,,,,,,,,,,,,,,,,,,,,,,,,,,,,,,,,,,,,51,59,49,50,46,49,50,47,,,,,,,,49,51,55,53,57,46,52,57,64,44,43
USW00024233,"SEATTLE TACOMA AIRPORT, WA US",04-17,,,,,,,,,,,,,,,,,,,,,,,,,,,,,,,,,,,,,,,,,,,,,,,,,,,51,52,53,50,49,48,52,50,,,,,,,,49,48,56,60,52,48,57,57,65,50,42
USW00024233,"SEATTLE TACOMA AIRPORT, WA US",04-18,,,,,,,,,,,,,,,,,,,,,,,,,,,,,,,,,,,,,,,,,,,,,,,,,,,51,46,53,49,48,51,51,51,,,,,,,,51,49,57,70,51,51,56,54,61,44,43
USW00024233,"SEATTLE TACOMA AIRPORT, WA US",04-19,,,,,,,,,,,,,,,,,,,,,,,,,,,,,,,,,,,,,,,,,,,,,,,,,,,54,47,53,51,49,53,50,53,,,,,,,,51,49,59,71,50,53,52,53,61,46,42
USW00024233,"SEATTLE TACOMA AIRPORT, WA US",04-20,,,,,,,,,,,,,,,,,,,,,,,,,,,,,,,,,,,,,,,,,,,,,,,,,,,58,46,56,51,46,49,50,54,,,,,,,,49,53,59,67,52,51,52,55,60,48,45
USW00024233,"SEATTLE TACOMA AIRPORT, WA US",04-21,,,,,,,,,,,,,,,,,,,,,,,,,,,,,,,,,,,,,,,,,,,,,,,,,,,56,50,55,47,46,50,52,65,,,,,,,,49,48,48,62,60,50,52,53,56,47,51
USW00024233,"SEATTLE TACOMA AIRPORT, WA US",04-22,,,,,,,,,,,,,,,,,,,,,,,,,,,,,,,,,,,,,,,,,,,,,,,,,,,49,55,49,53,45,46,54,58,,,,,,,,51,47,49,60,51,53,53,52,53,50,53
USW00024233,"SEATTLE TACOMA AIRPORT, WA US",04-23,,,,,,,,,,,,,,,,,,,,,,,,,,,,,,,,,,,,,,,,,,,,,,,,,,,50,58,45,60,48,45,53,58,,,,,,,,55,51,47,56,48,63,52,52,50,53,48
USW00024233,"SEATTLE TACOMA AIRPORT, WA US",04-24,,,,,,,,,,,,,,,,,,,,,,,,,,,,,,,,,,,,,,,,,,,,,,,,,,,49,50,45,60,50,49,51,58,,,,,,,,58,48,48,52,51,63,53,53,50,53,50
USW00024233,"SEATTLE TACOMA AIRPORT, WA US",04-25,,,,,,,,,,,,,,,,,,,,,,,,,,,,,,,,,,,,,,,,,,,,,,,,,,,53,45,48,57,45,49,57,60,,,,,,,,57,50,48,48,51,65,54,56,52,47,53
USW00024233,"SEATTLE TACOMA AIRPORT, WA US",04-26,,,,,,,,,,,,,,,,,,,,,,,,,,,,,,,,,,,,,,,,,,,,,,,,,,,57,46,52,51,47,52,63,61,,,,,,,,57,47,58,51,48,58,51,53,53,47,57
USW00024233,"SEATTLE TACOMA AIRPORT, WA US",04-27,,,,,,,,,,,,,,,,,,,,,,,,,,,,,,,,,,,,,,,,,,,,,,,,,,,60,49,52,47,51,56,53,59,,,,,,,,53,48,60,53,49,51,48,55,55,48,60
USW00024233,"SEATTLE TACOMA AIRPORT, WA US",04-28,,,,,,,,,,,,,,,,,,,,,,,,,,,,,,,,,,,,,,,,,,,,,,,,,,,62,52,47,49,53,54,54,52,,,,,,,,50,58,51,55,51,52,54,53,59,50,65
USW00024233,"SEATTLE TACOMA AIRPORT, WA US",04-29,,,,,,,,,,,,,,,,,,,,,,,,,,,,,,,,,,,,,,,,,,,,,,,,,,,67,53,47,48,56,55,59,56,,,,,,,,47,68,53,53,50,51,54,56,58,53,58
USW00024233,"SEATTLE TACOMA AIRPORT, WA US",04-30,,,,,,,,,,,,,,,,,,,,,,,,,,,,,,,,,,,,,,,,,,,,,,,,,,,66,49,56,48,48,58,64,59,,,,,,,,50,69,56,55,48,52,55,55,54,52,53
USW00024233,"SEATTLE TACOMA AIRPORT, WA US",05-01,,,,,,,,,,,,,,,,,,,,,,,,,,,,,,,,,,,,,,,,,,,,,,,,,,,60,46,55,49,48,53,65,57,,,,,,,,56,66,55,61,51,55,52,52,53,53,55
USW00024233,"SEATTLE TACOMA AIRPORT, WA US",05-02,,,,,,,,,,,,,,,,,,,,,,,,,,,,,,,,,,,,,,,,,,,,,,,,,,,60,48,56,49,48,50,61,57,,,,,,,,58,55,56,71,59,61,53,57,53,50,60
USW00024233,"SEATTLE TACOMA AIRPORT, WA US",05-03,,,,,,,,,,,,,,,,,,,,,,,,,,,,,,,,,,,,,,,,,,,,,,,,,,,58,46,51,50,48,49,60,59,,,,,,,,64,52,56,67,62,56,56,49,54,51,56
USW00024233,"SEATTLE TACOMA AIRPORT, WA US",05-04,,,,,,,,,,,,,,,,,,,,,,,,,,,,,,,,,,,,,,,,,,,,,,,,,,,59,51,49,49,46,47,56,61,,,,,,,,69,52,52,58,58,57,60,51,56,51,49
USW00024233,"SEATTLE TACOMA AIRPORT, WA US",05-05,,,,,,,,,,,,,,,,,,,,,,,,,,,,,,,,,,,,,,,,,,,,,,,,,,,55,50,48,51,43,50,53,58,,,,,,,,71,53,50,57,50,62,61,57,59,48,50
USW00024233,"SEATTLE TACOMA AIRPORT, WA US",05-06,,,,,,,,,,,,,,,,,,,,,,,,,,,,,,,,,,,,,,,,,,,,,,,,,,,57,43,49,56,44,48,56,55,,,,,,,,63,54,55,63,51,58,63,57,50,49,53
USW00024233,"SEATTLE TACOMA AIRPORT, WA US",05-07,,,,,,,,,,,,,,,,,,,,,,,,,,,,,,,,,,,,,,,,,,,,,,,,,,,52,44,52,53,47,51,56,55,,,,,,,,57,54,60,67,54,62,62,55,50,46,56
USW00024233,"SEATTLE TACOMA AIRPORT, WA US",05-08,,,,,,,,,,,,,,,,,,,,,,,,,,,,,,,,,,,,,,,,,,,,,,,,,,,51,46,50,50,49,53,55,55,,,,,,,,57,52,64,60,56,60,68,62,53,47,55
USW00024233,"SEATTLE TACOMA AIRPORT, WA US",05-09,,,,,,,,,,,,,,,,,,,,,,,,,,,,,,,,,,,,,,,,,,,,,,,,,,,53,48,48,52,51,55,55,57,,,,,,,,63,49,62,54,58,55,70,73,56,49,57
USW00024233,"SEATTLE TACOMA AIRPORT, WA US",05-10,,,,,,,,,,,,,,,,,,,,,,,,,,,,,,,,,,,,,,,,,,,,,,,,,,,52,50,48,58,54,55,50,55,,,,,,,,65,54,55,60,58,54,72,76,57,51,60
USW00024233,"SEATTLE TACOMA AIRPORT, WA US",05-11,,,,,,,,,,,,,,,,,,,,,,,,,,,,,,,,,,,,,,,,,,,,,,,,,,,52,48,50,58,63,56,53,58,,,,,,,,67,60,53,65,48,60,58,69,62,49,64
USW00024233,"SEATTLE TACOMA AIRPORT, WA US",05-12,,,,,,,,,,,,,,,,,,,,,,,,,,,,,,,,,,,,,,,,,,,,,,,,,,,50,48,50,56,53,58,56,60,,,,,,,,59,67,53,64,49,67,56,57,60,47,70
USW00024233,"SEATTLE TACOMA AIRPORT, WA US",05-13,,,,,,,,,,,,,,,,,,,,,,,,,,,,,,,,,,,,,,,,,,,,,,,,,,,50,49,55,50,51,52,57,62,,,,,,,,53,69,53,65,51,71,57,56,62,53,75
USW00024233,"SEATTLE TACOMA AIRPORT, WA US",05-14,,,,,,,,,,,,,,,,,,,,,,,,,,,,,,,,,,,,,,,,,,,,,,,,,,,50,51,63,53,52,48,58,58,,,,,,,,56,70,56,61,50,65,58,56,61,56,79
USW00024233,"SEATTLE TACOMA AIRPORT, WA US",05-15,,,,,,,,,,,,,,,,,,,,,,,,,,,,,,,,,,,,,,,,,,,,,,,,,,,51,51,60,52,55,48,54,56,,,,,,,,58,62,56,54,47,59,57,58,63,55,65
USW00024233,"SEATTLE TACOMA AIRPORT, WA US",05-16,,,,,,,,,,,,,,,,,,,,,,,,,,,,,,,,,,,,,,,,,,,,,,,,,,,53,52,59,49,53,48,57,53,,,,,,,,58,59,57,54,50,58,56,59,58,51,66
USW00024233,"SEATTLE TACOMA AIRPORT, WA US",05-17,,,,,,,,,,,,,,,,,,,,,,,,,,,,,,,,,,,,,,,,,,,,,,,,,,,56,54,54,53,57,49,61,58,,,,,,,,56,58,62,58,54,58,59,58,52,52,66
USW00024233,"SEATTLE TACOMA AIRPORT, WA US",05-18,,,,,,,,,,,,,,,,,,,,,,,,,,,,,,,,,,,,,,,,,,,,,,,,,,,57,51,55,53,54,55,62,55,,,,,,,,57,57,62,60,59,60,62,58,50,49,62
USW00024233,"SEATTLE TACOMA AIRPORT, WA US",05-19,,,,,,,,,,,,,,,,,,,,,,,,,,,,,,,,,,,,,,,,,,,,,,,,,,,59,52,58,55,56,54,57,54,,,,,,,,56,61,58,54,62,60,58,58,49,50,65
USW00024233,"SEATTLE TACOMA AIRPORT, WA US",05-20,,,,,,,,,,,,,,,,,,,,,,,,,,,,,,,,,,,,,,,,,,,,,,,,,,,54,55,57,61,54,59,60,53,,,,,,,,54,58,64,54,64,60,54,55,52,54,59
USW00024233,"SEATTLE TACOMA AIRPORT, WA US",05-21,,,,,,,,,,,,,,,,,,,,,,,,,,,,,,,,,,,,,,,,,,,,,,,,,,,57,59,60,69,55,59,57,53,,,,,,,,49,63,61,56,68,63,60,53,52,58,55
USW00024233,"SEATTLE TACOMA AIRPORT, WA US",05-22,,,,,,,,,,,,,,,,,,,,,,,,,,,,,,,,,,,,,,,,,,,,,,,,,,,58,64,57,69,55,66,55,54,,,,,,,,49,62,56,56,70,68,63,52,56,59,55
USW00024233,"SEATTLE TACOMA AIRPORT, WA US",05-23,,,,,,,,,,,,,,,,,,,,,,,,,,,,,,,,,,,,,,,,,,,,,,,,,,,56,63,57,61,57,61,59,58,,,,,,,,52,59,57,58,56,62,60,54,53,56,60
USW00024233,"SEATTLE TACOMA AIRPORT, WA US",05-24,,,,,,,,,,,,,,,,,,,,,,,,,,,,,,,,,,,,,,,,,,,,,,,,,,,52,55,56,66,59,57,62,64,,,,,,,,55,57,56,59,57,60,54,58,56,56,64
USW00024233,"SEATTLE TACOMA AIRPORT, WA US",05-25,,,,,,,,,,,,,,,,,,,,,,,,,,,,,,,,,,,,,,,,,,,,,,,,,,,48,56,53,63,61,58,62,73,,,,,,,,56,56,58,59,64,59,56,60,56,58,68
USW00024233,"SEATTLE TACOMA AIRPORT, WA US",05-26,,,,,,,,,,,,,,,,,,,,,,,,,,,,,,,,,,,,,,,,,,,,,,,,,,,51,60,55,59,60,64,59,74,,,,,,,,57,58,63,55,70,60,65,57,56,57,62
USW00024233,"SEATTLE TACOMA AIRPORT, WA US",05-27,,,,,,,,,,,,,,,,,,,,,,,,,,,,,,,,,,,,,,,,,,,,,,,,,,,56,56,57,51,60,63,55,65,,,,,,,,56,57,66,55,71,61,60,61,53,53,56
USW00024233,"SEATTLE TACOMA AIRPORT, WA US",05-28,,,,,,,,,,,,,,,,,,,,,,,,,,,,,,,,,,,,,,,,,,,,,,,,,,,58,57,55,53,57,63,54,60,,,,,,,,55,56,68,55,63,58,59,67,57,51,56
USW00024233,"SEATTLE TACOMA AIRPORT, WA US",05-29,,,,,,,,,,,,,,,,,,,,,,,,,,,,,,,,,,,,,,,,,,,,,,,,,,,57,58,55,58,56,61,54,59,,,,,,,,55,58,61,56,58,56,60,70,62,51,56
USW00024233,"SEATTLE TACOMA AIRPORT, WA US",05-30,,,,,,,,,,,,,,,,,,,,,,,,,,,,,,,,,,,,,,,,,,,,,,,,,,,61,55,50,67,58,60,58,58,,,,,,,,57,62,62,58,58,56,63,60,65,56,55
USW00024233,"SEATTLE TACOMA AIRPORT, WA US",05-31,,,,,,,,,,,,,,,,,,,,,,,,,,,,,,,,,,,,,,,,,,,,,,,,,,,57,51,53,54,60,60,55,59,,,,,,,,60,60,60,65,61,56,62,53,71,61,57
USW00024233,"SEATTLE TACOMA AIRPORT, WA US",06-01,,,,,,,,,,,,,,,,,,,,,,,,,,,,,,,,,,,,,,,,,,,,,,,,,,,62,52,58,52,58,60,58,59,,,,,,,,61,61,58,67,60,62,63,57,73,62,59
USW00024233,"SEATTLE TACOMA AIRPORT, WA US",06-02,,,,,,,,,,,,,,,,,,,,,,,,,,,,,,,,,,,,,,,,,,,,,,,,,,,59,56,58,52,59,62,60,56,,,,,,,,60,59,58,63,61,61,60,59,67,60,60
USW00024233,"SEATTLE TACOMA AIRPORT, WA US",06-03,,,,,,,,,,,,,,,,,,,,,,,,,,,,,,,,,,,,,,,,,,,,,,,,,,,57,53,64,53,59,68,66,57,,,,,,,,65,58,61,65,58,55,60,56,59,59,61
USW00024233,"SEATTLE TACOMA AIRPORT, WA US",06-04,,,,,,,,,,,,,,,,,,,,,,,,,,,,,,,,,,,,,,,,,,,,,,,,,,,60,52,69,55,60,73,66,56,,,,,,,,68,59,66,71,60,58,60,59,60,60,60
USW00024233,"SEATTLE TACOMA AIRPORT, WA US",06-05,,,,,,,,,,,,,,,,,,,,,,,,,,,,,,,,,,,,,,,,,,,,,,,,,,,64,50,60,58,56,75,59,55,,,,,,,,67,63,69,76,65,61,56,58,52,56,65
USW00024233,"SEATTLE TACOMA AIRPORT, WA US",06-06,,,,,,,,,,,,,,,,,,,,,,,,,,,,,,,,,,,,,,,,,,,,,,,,,,,65,53,57,63,50,74,58,56,,,,,,,,65,65,74,77,68,62,56,57,51,59,71
USW00024233,"SEATTLE TACOMA AIRPORT, WA US",06-07,,,,,,,,,,,,,,,,,,,,,,,,,,,,,,,,,,,,,,,,,,,,,,,,,,,61,53,55,64,51,63,56,56,,,,,,,,61,63,74,72,61,60,55,54,56,62,65
USW00024233,"SEATTLE TACOMA AIRPORT, WA US",06-08,,,,,,,,,,,,,,,,,,,,,,,,,,,,,,,,,,,,,,,,,,,,,,,,,,,59,56,57,55,60,59,62,61,,,,,,,,61,64,72,65,56,54,61,57,56,58,58
USW00024233,"SEATTLE TACOMA AIRPORT, WA US",06-09,,,,,,,,,,,,,,,,,,,,,,,,,,,,,,,,,,,,,,,,,,,,,,,,,,,56,57,54,54,59,56,61,58,,,,,,,,60,59,65,58,55,54,65,56,57,60,54
USW00024233,"SEATTLE TACOMA AIRPORT, WA US",06-10,,,,,,,,,,,,,,,,,,,,,,,,,,,,,,,,,,,,,,,,,,,,,,,,,,,63,64,53,49,62,59,57,57,,,,,,,,60,62,63,56,58,55,70,60,57,59,60
USW00024233,"SEATTLE TACOMA AIRPORT, WA US",06-11,,,,,,,,,,,,,,,,,,,,,,,,,,,,,,,,,,,,,,,,,,,,,,,,,,,62,70,51,51,69,57,55,58,,,,,,,,59,63,61,55,59,61,78,62,59,57,67
USW00024233,"SEATTLE TACOMA AIRPORT, WA US",06-12,,,,,,,,,,,,,,,,,,,,,,,,,,,,,,,,,,,,,,,,,,,,,,,,,,,58,72,57,57,76,59,54,58,,,,,,,,59,56,60,60,57,60,73,60,62,53,65
USW00024233,"SEATTLE TACOMA AIRPORT, WA US",06-13,,,,,,,,,,,,,,,,,,,,,,,,,,,,,,,,,,,,,,,,,,,,,,,,,,,55,71,59,56,61,59,58,59,,,,,,,,59,57,66,59,57,58,62,56,59,53,57
USW00024233,"SEATTLE TACOMA AIRPORT, WA US",06-14,,,,,,,,,,,,,,,,,,,,,,,,,,,,,,,,,,,,,,,,,,,,,,,,,,,55,61,58,57,59,61,57,59,,,,,,,,62,57,71,54,58,61,61,56,60,55,57
USW00024233,"SEATTLE TACOMA AIRPORT, WA US",06-15,,,,,,,,,,,,,,,,,,,,,,,,,,,,,,,,,,,,,,,,,,,,,,,,,,,58,62,58,58,58,65,59,62,,,,,,,,65,53,64,53,59,64,62,58,60,57,62
USW00024233,"SEATTLE TACOMA AIRPORT, WA US",06-16,,,,,,,,,,,,,,,,,,,,,,,,,,,,,,,,,,,,,,,,,,,,,,,,,,,57,61,62,57,58,72,65,62,,,,,,,,65,56,62,58,58,72,63,56,65,58,56
USW00024233,"SEATTLE TACOMA AIRPORT, WA US",06-17,,,,,,,,,,,,,,,,,,,,,,,,,,,,,,,,,,,,,,,,,,,,,,,,,,,55,59,66,59,58,58,72,63,,,,,,,,64,57,66,60,59,76,63,60,65,55,54
USW00024233,"SEATTLE TACOMA AIRPORT, WA US",06-18,,,,,,,,,,,,,,,,,,,,,,,,,,,,,,,,,,,,,,,,,,,,,,,,,,,58,59,57,65,59,57,76,65,,,,,,,,61,62,63,56,63,69,59,64,63,57,52
USW00024233,"SEATTLE TACOMA AIRPORT, WA US",06-19,,,,,,,,,,,,,,,,,,,,,,,,,,,,,,,,,,,,,,,,,,,,,,,,,,,62,58,59,67,63,55,72,68,,,,,,,,60,60,64,58,65,74,57,68,69,58,55
USW00024233,"SEATTLE TACOMA AIRPORT, WA US",06-20,,,,,,,,,,,,,,,,,,,,,,,,,,,,,,,,,,,,,,,,,,,,,,,,,,,68,57,62,66,69,55,73,63,,,,,,,,58,61,66,62,60,66,60,67,74,61,57
USW00024233,"SEATTLE TACOMA AIRPORT, WA US",06-21,,,,,,,,,,,,,,,,,,,,,,,,,,,,,,,,,,,,,,,,,,,,,,,,,,,61,57,63,58,63,56,74,58,,,,,,,,63,63,66,62,62,61,60,63,71,63,63
USW00024233,"SEATTLE TACOMA AIRPORT, WA US",06-22,,,,,,,,,,,,,,,,,,,,,,,,,,,,,,,,,,,,,,,,,,,,,,,,,,,61,61,60,57,63,58,65,61,,,,,,,,67,67,64,63,67,61,60,63,63,60,68
USW00024233,"SEATTLE TACOMA AIRPORT, WA US",06-23,,,,,,,,,,,,,,,,,,,,,,,,,,,,,,,,,,,,,,,,,,,,,,,,,,,57,59,60,54,67,61,62,64,,,,,,,,63,63,70,61,73,64,58,70,67,63,61
USW00024233,"SEATTLE TACOMA AIRPORT, WA US",06-24,,,,,,,,,,,,,,,,,,,,,,,,,,,,,,,,,,,,,,,,,,,,,,,,,,,58,59,61,59,70,65,62,64,,,,,,,,64,67,71,58,79,64,62,69,74,71,62
USW00024233,"SEATTLE TACOMA AIRPORT, WA US",06-25,,,,,,,,,,,,,,,,,,,,,,,,,,,,,,,,,,,,,,,,,,,,,,,,,,,58,56,67,64,72,69,65,59,,,,,,,,63,66,76,61,70,60,62,67,83,78,63
USW00024233,"SEATTLE TACOMA AIRPORT, WA US",06-26,,,,,,,,,,,,,,,,,,,,,,,,,,,,,,,,,,,,,,,,,,,,,,,,,,,61,57,70,61,62,69,66,59,,,,,,,,65,62,77,65,60,61,61,70,88,78,61
USW00024233,"SEATTLE TACOMA AIRPORT, WA US",06-27,,,,,,,,,,,,,,,,,,,,,,,,,,,,,,,,,,,,,,,,,,,,,,,,,,,65,55,73,60,58,73,66,61,,,,,,,,70,60,77,71,61,60,61,62,91,65,64
USW00024233,"SEATTLE TACOMA AIRPORT, WA US",06-28,,,,,,,,,,,,,,,,,,,,,,,,,,,,,,,,,,,,,,,,,,,,,,,,,,,68,59,73,60,60,68,69,65,,,,,,,,74,61,72,65,62,62,64,58,78,58,66
USW00024233,"SEATTLE TACOMA AIRPORT, WA US",06-29,,,,,,,,,,,,,,,,,,,,,,,,,,,,,,,,,,,,,,,,,,,,,,,,,,,64,60,63,60,61,63,67,67,,,,,,,,76,63,70,63,69,63,68,62,68,62,69
USW00024233,"SEATTLE TACOMA AIRPORT, WA US",06-30,,,,,,,,,,,,,,,,,,,,,,,,,,,,,,,,,,,,,,,,,,,,,,,,,,,62,57,60,62,60,62,66,61,,,,,,,,79,72,76,62,64,61,71,60,66,65,67
USW00024233,"SEATTLE TACOMA AIRPORT, WA US",07-01,,,,,,,,,,,,,,,,,,,,,,,,,,,,,,,,,,,,,,,,,,,,,,,,,,,64,55,60,65,60,61,63,60,,,,,,,,71,73,79,63,62,60,62,58,66,62,67
USW00024233,"SEATTLE TACOMA AIRPORT, WA US",07-02,,,,,,,,,,,,,,,,,,,,,,,,,,,,,,,,,,,,,,,,,,,,,,,,,,,60,56,58,70,60,63,61,63,,,,,,,,72,65,80,67,64,61,59,58,68,58,69
USW00024233,"SEATTLE TACOMA AIRPORT, WA US",07-03,,,,,,,,,,,,,,,,,,,,,,,,,,,,,,,,,,,,,,,,,,,,,,,,,,,60,60,57,66,59,65,64,66,,,,,,,,65,64,76,62,64,68,63,60,67,57,73
USW00024233,"SEATTLE TACOMA AIRPORT, WA US",07-04,,,,,,,,,,,,,,,,,,,,,,,,,,,,,,,,,,,,,,,,,,,,,,,,,,,63,62,60,61,61,64,64,65,,,,,,,,64,64,79,62,69,69,63,60,64,63,76
USW00024233,"SEATTLE TACOMA AIRPORT, WA US",07-05,,,,,,,,,,,,,,,,,,,,,,,,,,,,,,,,,,,,,,,,,,,,,,,,,,,68,68,61,61,66,66,68,63,,,,,,,,65,69,73,60,70,70,63,63,64,64,73
USW00024233,"SEATTLE TACOMA AIRPORT, WA US",07-06,,,,,,,,,,,,,,,,,,,,,,,,,,,,,,,,,,,,,,,,,,,,,,,,,,,68,58,63,61,62,61,63,63,,,,,,,,66,71,68,62,67,65,63,63,66,66,64
USW00024233,"SEATTLE TACOMA AIRPORT, WA US",07-07,,,,,,,,,,,,,,,,,,,,,,,,,,,,,,,,,,,,,,,,,,,,,,,,,,,66,61,65,66,63,63,61,58,,,,,,,,64,72,69,65,67,67,63,62,60,67,62
USW00024233,"SEATTLE TACOMA AIRPORT, WA US",07-08,,,,,,,,,,,,,,,,,,,,,,,,,,,,,,,,,,,,,,,,,,,,,,,,,,,70,70,61,70,66,67,63,62,,,,,,,,72,70,71,62,69,67,67,62,65,67,64
USW00024233,"SEATTLE TACOMA AIRPORT, WA US",07-09,,,,,,,,,,,,,,,,,,,,,,,,,,,,,,,,,,,,,,,,,,,,,,,,,,,65,70,62,66,75,73,62,60,,,,,,,,67,67,67,62,66,63,65,64,67,65,63
USW00024233,"SEATTLE TACOMA AIRPORT, WA US",07-10,,,,,,,,,,,,,,,,,,,,,,,,,,,,,,,,,,,,,,,,,,,,,,,,,,,63,68,62,65,69,68,63,65,,,,,,,,62,73,65,63,62,68,66,62,66,70,64
USW00024233,"SEATTLE TACOMA AIRPORT, WA US",07-11,,,,,,,,,,,,,,,,,,,,,,,,,,,,,,,,,,,,,,,,,,,,,,,,,,,63,67,63,64,70,68,63,65,,,,,,,,62,76,66,63,64,73,69,63,69,74,64
USW00024233,"SEATTLE TACOMA AIRPORT, WA US",07-12,,,,,,,,,,,,,,,,,,,,,,,,,,,,,,,,,,,,,,,,,,,,,,,,,,,65,63,,59,68,65,69,65,,,,,,,,62,75,68,65,66,75,69,62,65,66,64
USW00024233,"SEATTLE TACOMA AIRPORT, WA US",07-13,,,,,,,,,,,,,,,,,,,,,,,,,,,,,,,,,,,,,,,,,,,,,,,,,,,64,59,64,60,61,68,71,66,,,,,,,,68,69,69,65,65,72,68,64,64,65,71
USW00024233,"SEATTLE TACOMA AIRPORT, WA US",07-14,,,,,,,,,,,,,,,,,,,,,,,,,,,,,,,,,,,,,,,,,,,,,,,,,,,65,59,62,65,65,68,69,63,,,,,,,,71,68,69,66,66,78,68,67,61,66,75
USW00024233,"SEATTLE TACOMA AIRPORT, WA US",07-15,,,,,,,,,,,,,,,,,,,,,,,,,,,,,,,,,,,,,,,,,,,,,,,,,,,73,58,63,59,67,65,66,64,,,,,,,,75,74,68,65,63,78,68,71,61,66,72
USW00024233,"SEATTLE TACOMA AIRPORT, WA US",07-16,,,,,,,,,,,,,,,,,,,,,,,,,,,,,,,,,,,,,,,,,,,,,,,,,,,68,56,69,60,67,67,70,70,,,,,,,,70,68,68,64,65,74,67,69,64,62,68
USW00024233,"SEATTLE TACOMA AIRPORT, WA US",07-17,,,,,,,,,,,,,,,,,,,,,,,,,,,,,,,,,,,,,,,,,,,,,,,,,,,66,61,69,60,67,70,73,73,,,,,,,,65,63,75,66,68,67,63,65,67,61,67
USW00024233,"SEATTLE TACOMA AIRPORT, WA US",07-18,,,,,,,,,,,,,,,,,,,,,,,,,,,,,,,,,,,,,,,,,,,,,,,,,,,67,66,62,65,66,72,73,64,,,,,,,,66,67,82,65,66,63,61,66,68,66,72
USW00024233,"SEATTLE TACOMA AIRPORT, WA US",07-19,,,,,,,,,,,,,,,,,,,,,,,,,,,,,,,,,,,,,,,,,,,,,,,,,,,68,65,65,64,68,74,70,65,,,,,,,,65,63,71,66,66,62,65,72,65,71,72
USW00024233,"SEATTLE TACOMA AIRPORT, WA US",07-20,,,,,,,,,,,,,,,,,,,,,,,,,,,,,,,,,,,,,,,,,,,,,,,,,,,72,63,68,59,69,75,70,69,,,,,,,,63,62,67,68,65,67,71,74,62,69,66
USW00024233,"SEATTLE TACOMA AIRPORT, WA US",07-21,,,,,,,,,,,,,,,,,,,,,,,,,,,,,,,,,,,,,,,,,,,,,,,,,,,76,65,70,64,77,73,70,65,,,,,,,,65,62,65,70,70,71,71,72,64,65,67
USW00024233,"SEATTLE TACOMA AIRPORT, WA US",07-22,,,,,,,,,,,,,,,,,,,,,,,,,,,,,,,,,,,,,,,,,,,,,,,,,,,67,62,60,65,73,68,76,65,,,,,,,,70,63,65,67,70,76,66,66,65,63,70
USW00024233,"SEATTLE TACOMA AIRPORT, WA US",07-23,,,,,,,,,,,,,,,,,,,,,,,,,,,,,,,,,,,,,,,,,,,,,,,,,,,66,61,66,64,70,66,82,65,,,,,,,,72,60,66,63,68,75,65,63,71,67,66
USW00024233,"SEATTLE TACOMA AIRPORT, WA US",07-24,,,,,,,,,,,,,,,,,,,,,,,,,,,,,,,,,,,,,,,,,,,,,,,,,,,70,59,68,66,63,65,80,67,,,,,,,,71,62,65,67,72,76,70,62,72,74,63
USW00024233,"SEATTLE TACOMA AIRPORT, WA US",07-25,,,,,,,,,,,,,,,,,,,,,,,,,,,,,,,,,,,,,,,,,,,,,,,,,,,76,64,64,63,60,66,61,71,,,,,,,,73,66,63,72,70,77,73,65,71,78,65
USW00024233,"SEATTLE TACOMA AIRPORT, WA US",07-26,,,,,,,,,,,,,,,,,,,,,,,,,,,,,,,,,,,,,,,,,,,,,,,,,,,81,69,63,61,64,70,68,74,,,,,,,,67,69,61,67,65,72,70,71,72,77,67
USW00024233,"SEATTLE TACOMA AIRPORT, WA US",07-27,,,,,,,,,,,,,,,,,,,,,,,,,,,,,,,,,,,,,,,,,,,,,,,,,,,81,69,69,60,60,74,72,70,,,,,,,,63,72,68,68,65,70,69,77,72,76,65
USW00024233,"SEATTLE TACOMA AIRPORT, WA US",07-28,,,,,,,,,,,,,,,,,,,,,,,,,,,,,,,,,,,,,,,,,,,,,,,,,,,73,60,67,61,63,78,72,70,,,,,,,,63,74,73,74,67,74,70,72,75,78,66
USW00024233,"SEATTLE TACOMA AIRPORT, WA US",07-29,,,,,,,,,,,,,,,,,,,,,,,,,,,,,,,,,,,,,,,,,,,,,,,,,,,66,65,70,61,63,78,73,71,,,,,,,,65,71,78,76,68,77,66,69,76,79,65
USW00024233,"SEATTLE TACOMA AIRPORT, WA US",07-30,,,,,,,,,,,,,,,,,,,,,,,,,,,,,,,,,,,,,,,,,,,,,,,,,,,66,67,74,59,61,67,65,71,,,,,,,,63,74,80,69,70,69,69,74,76,80,67
USW00024233,"SEATTLE TACOMA AIRPORT, WA US",07-31,,,,,,,,,,,,,,,,,,,,,,,,,,,,,,,,,,,,,,,,,,,,,,,,,,,65,63,68,60,65,64,69,,,,,,,,,62,74,78,63,74,65,71,74,68,74,69
USW00024233,"SEATTLE TACOMA AIRPORT, WA US",08-01,,,,,,,,,,,,,,,,,,,,,,,,,,,,,,,,,,,,,,,,,,,,,,,,,,,70,67,68,66,60,67,69,,,,,,,,,62,72,76,61,78,63,71,65,69,66,71
USW00024233,"SEATTLE TACOMA AIRPORT, WA US",08-02,,,,,,,,,,,,,,,,,,,,,,,,,,,,,,,,,,,,,,,,,,,,,,,,,,,72,66,65,63,59,62,63,,,,,,,,,63,72,73,63,80,64,71,68,72,64,71
USW00024233,"SEATTLE TACOMA AIRPORT, WA US",08-03,,,,,,,,,,,,,,,,,,,,,,,,,,,,,,,,,,,,,,,,,,,,,,,,,,,72,67,67,63,60,66,67,,,,,,,,,69,76,68,63,79,67,72,69,71,63,72
USW00024233,"SEATTLE TACOMA AIRPORT, WA US",08-04,,,,,,,,,,,,,,,,,,,,,,,,,,,,,,,,,,,,,,,,,,,,,,,,,,,68,68,71,65,60,66,62,,,,,,,,,72,68,64,68,70,70,75,72,72,64,70
USW00024233,"SEATTLE TACOMA AIRPORT, WA US",08-05,,,,,,,,,,,,,,,,,,,,,,,,,,,,,,,,,,,,,,,,,,,,,,,,,,,68,66,69,67,61,66,66,,,,,,,,,71,67,65,68,69,72,68,71,69,69,66
USW00024233,"SEATTLE TACOMA AIRPORT, WA US",08-06,,,,,,,,,,,,,,,,,,,,,,,,,,,,,,,,,,,,,,,,,,,,,,,,,,,63,65,64,67,63,67,62,,,,,,,,,71,66,69,62,69,75,67,66,66,74,68
USW00024233,"SEATTLE TACOMA AIRPORT, WA US",08-07,,,,,,,,,,,,,,,,,,,,,,,,,,,,,,,,,,,,,,,,,,,,,,,,,,,66,66,65,68,66,67,66,,,,,,,,,69,65,69,62,72,78,65,63,63,76,67
USW00024233,"SEATTLE TACOMA AIRPORT, WA US",08-08,,,,,,,,,,,,,,,,,,,,,,,,,,,,,,,,,,,,,,,,,,,,,,,,,,,66,68,68,74,69,66,69,,,,,,,,,70,69,67,61,74,76,66,62,64,67,68
USW00024233,"SEATTLE TACOMA AIRPORT, WA US",08-09,,,,,,,,,,,,,,,,,,,,,,,,,,,,,,,,,,,,,,,,,,,,,,,,,,,67,68,62,74,66,66,78,,,,,,,,,69,71,71,63,72,75,66,64,71,66,66
USW00024233,"SEATTLE TACOMA AIRPORT, WA US",08-10,,,,,,,,,,,,,,,,,,,,,,,,,,,,,,,,,,,,,,,,,,,,,,,,,,,73,60,62,69,67,66,72,,,,,,,,,66,77,73,64,69,67,66,68,76,66,67
USW00024233,"SEATTLE TACOMA AIRPORT, WA US",08-11,,,,,,,,,,,,,,,,,,,,,,,,,,,,,,,,,,,,,,,,,,,,,,,,,,,73,64,62,71,69,65,72,,,,,,,,,67,75,74,69,65,65,67,66,79,67,
USW00024233,"SEATTLE TACOMA AIRPORT, WA US",08-12,,,,,,,,,,,,,,,,,,,,,,,,,,,,,,,,,,,,,,,,,,,,,,,,,,,74,62,64,67,79,67,72,,,,,,,,,69,66,71,74,65,66,71,61,80,67,
USW00024233,"SEATTLE TACOMA AIRPORT, WA US",08-13,,,,,,,,,,,,,,,,,,,,,,,,,,,,,,,,,,,,,,,,,,,,,,,,,,,70,63,61,66,73,69,70,,,,,,,,,70,67,67,77,64,71,73,62,73,67,
USW00024233,"SEATTLE TACOMA AIRPORT, WA US",08-14,,,,,,,,,,,,,,,,,,,,,,,,,,,,,,,,,,,,,,,,,,,,,,,,,,,64,58,59,64,68,67,70,,,,,,,,,67,66,62,73,65,73,69,67,71,70,
USW00024233,"SEATTLE TACOMA AIRPORT, WA US",08-15,,,,,,,,,,,,,,,,,,,,,,,,,,,,,,,,,,,,,,,,,,,,,,,,,,,61,68,59,60,68,67,70,,,,,,,,,69,67,65,71,67,67,66,72,67,68,
USW00024233,"SEATTLE TACOMA AIRPORT, WA US",08-16,,,,,,,,,,,,,,,,,,,,,,,,,,,,,,,,,,,,,,,,,,,,,,,,,,,61,69,63,63,66,73,67,,,,,,,,,71,69,68,67,66,62,65,77,60,74,
USW00024233,"SEATTLE TACOMA AIRPORT, WA US",08-17,,,,,,,,,,,,,,,,,,,,,,,,,,,,,,,,,,,,,,,,,,,,,,,,,,,62,64,62,63,63,70,70,,,,,,,,,68,71,72,69,64,66,66,78,62,78,
USW00024233,"SEATTLE TACOMA AIRPORT, WA US",08-18,,,,,,,,,,,,,,,,,,,,,,,,,,,,,,,,,,,,,,,,,,,,,,,,,,,64,66,60,64,61,67,69,,,,,,,,,69,72,75,73,67,69,67,71,65,74,
USW00024233,"SEATTLE TACOMA AIRPORT, WA US",08-19,,,,,,,,,,,,,,,,,,,,,,,,,,,,,,,,,,,,,,,,,,,,,,,,,,,68,66,61,61,61,66,71,,,,,,,,,69,65,68,81,66,69,67,69,62,68,
USW00024233,"SEATTLE TACOMA AIRPORT, WA US",08-20,,,,,,,,,,,,,,,,,,,,,,,,,,,,,,,,,,,,,,,,,,,,,,,,,,,66,67,64,60,62,71,69,,,,,,,,,69,61,62,78,68,77,66,71,60,68,
USW00024233,"SEATTLE TACOMA AIRPORT, WA US",08-21,,,,,,,,,,,,,,,,,,,,,,,,,,,,,,,,,,,,,,,,,,,,,,,,,,,66,66,65,61,64,64,66,,,,,,,,,72,64,65,69,73,76,61,69,62,70,
USW00024233,"SEATTLE TACOMA AIRPORT, WA US",08-22,,,,,,,,,,,,,,,,,,,,,,,,,,,,,,,,,,,,,,,,,,,,,,,,,,,62,70,68,59,68,61,61,,,,,,,,,70,67,68,62,67,65,64,65,60,67,
USW00024233,"SEATTLE TACOMA AIRPORT, WA US",08-23,,,,,,,,,,,,,,,,,,,,,,,,,,,,,,,,,,,,,,,,,,,,,,,,,,,63,67,70,62,66,63,65,,,,,,,,,67,66,65,66,65,62,65,65,64,72,
USW00024233,"SEATTLE TACOMA AIRPORT, WA US",08-24,,,,,,,,,,,,,,,,,,,,,,,,,,,,,,,,,,,,,,,,,,,,,,,,,,,64,67,64,65,62,71,62,,,,,,,,,67,69,65,71,65,58,67,65,65,75,
USW00024233,"SEATTLE TACOMA AIRPORT, WA US",08-25,,,,,,,,,,,,,,,,,,,,,,,,,,,,,,,,,,,,,,,,,,,,,,,,,,,65,66,66,66,67,65,62,,,,,,,,,67,73,68,76,67,61,67,65,63,67,
USW00024233,"SEATTLE TACOMA AIRPORT, WA US",08-26,,,,,,,,,,,,,,,,,,,,,,,,,,,,,,,,,,,,,,,,,,,,,,,,,,,66,69,62,63,69,65,64,,,,,,,,,67,74,70,77,72,61,70,67,61,63,
USW00024233,"SEATTLE TACOMA AIRPORT, WA US",08-27,,,,,,,,,,,,,,,,,,,,,,,,,,,,,,,,,,,,,,,,,,,,,,,,,,,69,66,61,67,73,67,66,,,,,,,,,69,67,70,72,75,67,75,67,62,62,
USW00024233,"SEATTLE TACOMA AIRPORT, WA US",08-28,,,,,,,,,,,,,,,,,,,,,,,,,,,,,,,,,,,,,,,,,,,,,,,,,,,70,58,63,67,65,69,65,,,,,,,,,70,65,67,62,74,68,71,68,66,68,
USW00024233,"SEATTLE TACOMA AIRPORT, WA US",08-29,,,,,,,,,,,,,,,,,,,,,,,,,,,,,,,,,,,,,,,,,,,,,,,,,,,68,58,60,65,63,70,67,,,,,,,,,68,63,61,62,67,66,67,66,61,75,
USW00024233,"SEATTLE TACOMA AIRPORT, WA US",08-30,,,,,,,,,,,,,,,,,,,,,,,,,,,,,,,,,,,,,,,,,,,,,,,,,,,72,58,63,65,65,67,69,,,,,,,,,68,61,63,64,67,64,69,61,58,75,
USW00024233,"SEATTLE TACOMA AIRPORT, WA US",08-31,,,,,,,,,,,,,,,,,,,,,,,,,,,,,,,,,,,,,,,,,,,,,,,,,,,73,58,59,62,63,64,66,,,,,,,,,69,63,63,63,68,63,70,61,59,65,
USW00024233,"SEATTLE TACOMA AIRPORT, WA US",09-01,,,,,,,,,,,,,,,,,,,,,,,,,,,,,,,,,,,,,,,,,,,,,,,,,,,68,63,58,62,64,72,62,,,,,,,,,72,65,59,62,74,63,69,65,63,66,
USW00024233,"SEATTLE TACOMA AIRPORT, WA US",09-02,,,,,,,,,,,,,,,,,,,,,,,,,,,,,,,,,,,,,,,,,,,,,,,,,,,71,63,58,62,58,73,60,,,,,,,,,68,60,57,60,77,66,69,70,66,64,
USW00024233,"SEATTLE TACOMA AIRPORT, WA US",09-03,,,,,,,,,,,,,,,,,,,,,,,,,,,,,,,,,,,,,,,,,,,,,,,,,,,68,63,60,60,58,74,62,,,,,,,,,67,62,56,60,77,64,67,69,66,66,
USW00024233,"SEATTLE TACOMA AIRPORT, WA US",09-04,,,,,,,,,,,,,,,,,,,,,,,,,,,,,,,,,,,,,,,,,,,,,,,,,,,67,62,59,58,58,71,61,,,,,,,,,65,67,56,59,77,67,68,71,69,64,
USW00024233,"SEATTLE TACOMA AIRPORT, WA US",09-05,,,,,,,,,,,,,,,,,,,,,,,,,,,,,,,,,,,,,,,,,,,,,,,,,,,67,61,55,55,57,66,63,,,,,,,,,64,71,58,59,72,69,69,65,65,65,
USW00024233,"SEATTLE TACOMA AIRPORT, WA US",09-06,,,,,,,,,,,,,,,,,,,,,,,,,,,,,,,,,,,,,,,,,,,,,,,,,,,68,60,61,61,60,62,60,,,,,,,,,65,70,60,59,69,65,65,66,66,68,
USW00024233,"SEATTLE TACOMA AIRPORT, WA US",09-07,,,,,,,,,,,,,,,,,,,,,,,,,,,,,,,,,,,,,,,,,,,,,,,,,,,62,67,55,62,55,61,63,,,,,,,,,67,64,63,61,67,62,63,70,69,64,
USW00024233,"SEATTLE TACOMA AIRPORT, WA US",09-08,,,,,,,,,,,,,,,,,,,,,,,,,,,,,,,,,,,,,,,,,,,,,,,,,,,62,61,58,63,65,61,62,,,,,,,,,66,62,65,61,63,65,62,73,69,64,
USW00024233,"SEATTLE TACOMA AIRPORT, WA US",09-09,,,,,,,,,,,,,,,,,,,,,,,,,,,,,,,,,,,,,,,,,,,,,,,,,,,62,58,57,63,65,60,64,,,,,,,,,68,62,66,61,63,63,62,71,64,71,
USW00024233,"SEATTLE TACOMA AIRPORT, WA US",09-10,,,,,,,,,,,,,,,,,,,,,,,,,,,,,,,,,,,,,,,,,,,,,,,,,,,64,62,56,64,66,60,62,,,,,,,,,73,64,68,64,65,61,63,76,62,71,
USW00024233,"SEATTLE TACOMA AIRPORT, WA US",09-11,,,,,,,,,,,,,,,,,,,,,,,,,,,,,,,,,,,,,,,,,,,,,,,,,,,65,67,59,65,67,59,63,,,,,,,,,70,65,69,62,69,59,67,65,62,65,
USW00024233,"SEATTLE TACOMA AIRPORT, WA US",09-12,,,,,,,,,,,,,,,,,,,,,,,,,,,,,,,,,,,,,,,,,,,,,,,,,,,67,71,63,65,68,59,60,,,,,,,,,65,67,65,62,61,60,66,59,61,65,
USW00024233,"SEATTLE TACOMA AIRPORT, WA US",09-13,,,,,,,,,,,,,,,,,,,,,,,,,,,,,,,,,,,,,,,,,,,,,,,,,,,65,66,65,65,66,58,59,,,,,,,,,64,68,57,65,63,60,64,55,60,64,
USW00024233,"SEATTLE TACOMA AIRPORT, WA US",09-14,,,,,,,,,,,,,,,,,,,,,,,,,,,,,,,,,,,,,,,,,,,,,,,,,,,65,55,72,64,61,56,59,,,,,,,,,62,70,56,64,63,58,61,60,60,62,
USW00024233,"SEATTLE TACOMA AIRPORT, WA US",09-15,,,,,,,,,,,,,,,,,,,,,,,,,,,,,,,,,,,,,,,,,,,,,,,,,,,64,58,66,55,60,54,58,,,,,,,,,63,67,57,61,63,58,59,65,57,59,
USW00024233,"SEATTLE TACOMA AIRPORT, WA US",09-16,,,,,,,,,,,,,,,,,,,,,,,,,,,,,,,,,,,,,,,,,,,,,,,,,,,63,60,63,55,59,55,58,,,,,,,,,62,65,60,61,61,57,59,66,57,59,
USW00024233,"SEATTLE TACOMA AIRPORT, WA US",09-17,,,,,,,,,,,,,,,,,,,,,,,,,,,,,,,,,,,,,,,,,,,,,,,,,,,64,66,63,57,59,60,56,,,,,,,,,60,63,60,62,55,56,59,66,59,60,
USW00024233,"SEATTLE TACOMA AIRPORT, WA US",09-18,,,,,,,,,,,,,,,,,,,,,,,,,,,,,,,,,,,,,,,,,,,,,,,,,,,57,69,65,59,59,60,53,,,,,,,,,62,66,63,59,53,58,60,64,55,63,
USW00024233,"SEATTLE TACOMA AIRPORT, WA US",09-19,,,,,,,,,,,,,,,,,,,,,,,,,,,,,,,,,,,,,,,,,,,,,,,,,,,61,67,65,58,57,57,55,,,,,,,,,66,65,66,61,53,58,62,63,59,66,
USW00024233,"SEATTLE TACOMA AIRPORT, WA US",09-20,,,,,,,,,,,,,,,,,,,,,,,,,,,,,,,,,,,,,,,,,,,,,,,,,,,61,67,59,59,59,59,55,,,,,,,,,61,66,59,58,53,63,62,62,61,65,
USW00024233,"SEATTLE TACOMA AIRPORT, WA US",09-21,,,,,,,,,,,,,,,,,,,,,,,,,,,,,,,,,,,,,,,,,,,,,,,,,,,62,67,62,65,64,64,56,,,,,,,,,60,65,56,58,57,63,62,61,61,62,
USW00024233,"SEATTLE TACOMA AIRPORT, WA US",09-22,,,,,,,,,,,,,,,,,,,,,,,,,,,,,,,,,,,,,,,,,,,,,,,,,,,64,55,58,64,63,64,55,,,,,,,,,58,63,57,57,60,58,59,65,60,61,
USW00024233,"SEATTLE TACOMA AIRPORT, WA US",09-23,,,,,,,,,,,,,,,,,,,,,,,,,,,,,,,,,,,,,,,,,,,,,,,,,,,55,55,58,59,62,63,59,,,,,,,,,55,62,61,56,59,58,61,63,61,62,
USW00024233,"SEATTLE TACOMA AIRPORT, WA US",09-24,,,,,,,,,,,,,,,,,,,,,,,,,,,,,,,,,,,,,,,,,,,,,,,,,,,55,58,59,58,64,64,58,,,,,,,,,54,62,60,58,61,59,62,60,63,64,
USW00024233,"SEATTLE TACOMA AIRPORT, WA US",09-25,,,,,,,,,,,,,,,,,,,,,,,,,,,,,,,,,,,,,,,,,,,,,,,,,,,58,53,59,54,60,66,60,,,,,,,,,52,61,57,64,63,58,63,59,60,66,
USW00024233,"SEATTLE TACOMA AIRPORT, WA US",09-26,,,,,,,,,,,,,,,,,,,,,,,,,,,,,,,,,,,,,,,,,,,,,,,,,,,61,52,61,51,59,70,57,,,,,,,,,55,61,54,64,64,62,58,58,57,66,
USW00024233,"SEATTLE TACOMA AIRPORT, WA US",09-27,,,,,,,,,,,,,,,,,,,,,,,,,,,,,,,,,,,,,,,,,,,,,,,,,,,61,56,61,55,61,70,60,,,,,,,,,57,59,56,66,70,65,51,59,55,58,
USW00024233,"SEATTLE TACOMA AIRPORT, WA US",09-28,,,,,,,,,,,,,,,,,,,,,,,,,,,,,,,,,,,,,,,,,,,,,,,,,,,60,57,58,61,55,59,60,,,,,,,,,54,57,59,58,65,62,51,61,54,61,
USW00024233,"SEATTLE TACOMA AIRPORT, WA US",09-29,,,,,,,,,,,,,,,,,,,,,,,,,,,,,,,,,,,,,,,,,,,,,,,,,,,60,54,61,59,51,63,57,,,,,,,,,54,58,57,57,57,60,51,64,57,60,
USW00024233,"SEATTLE TACOMA AIRPORT, WA US",09-30,,,,,,,,,,,,,,,,,,,,,,,,,,,,,,,,,,,,,,,,,,,,,,,,,,,57,52,58,60,51,62,56,,,,,,,,,51,58,58,55,55,61,50,65,56,64,
USW00024233,"SEATTLE TACOMA AIRPORT, WA US",10-01,,,,,,,,,,,,,,,,,,,,,,,,,,,,,,,,,,,,,,,,,,,,,,,,,,,54,56,54,58,52,57,61,,,,,,,,,52,59,57,56,53,57,53,62,53,66,
USW00024233,"SEATTLE TACOMA AIRPORT, WA US",10-02,,,,,,,,,,,,,,,,,,,,,,,,,,,,,,,,,,,,,,,,,,,,,,,,,,,54,57,55,55,55,54,60,,,,,,,,,51,58,58,56,56,50,57,62,56,65,
USW00024233,"SEATTLE TACOMA AIRPORT, WA US",10-03,,,,,,,,,,,,,,,,,,,,,,,,,,,,,,,,,,,,,,,,,,,,,,,,,,,55,56,54,61,57,51,59,,,,,,,,,51,62,60,55,57,51,53,58,54,59,
USW00024233,"SEATTLE TACOMA AIRPORT, WA US",10-04,,,,,,,,,,,,,,,,,,,,,,,,,,,,,,,,,,,,,,,,,,,,,,,,,,,59,55,51,60,55,57,53,,,,,,,,,56,61,60,55,56,51,55,56,54,58,
USW00024233,"SEATTLE TACOMA AIRPORT, WA US",10-05,,,,,,,,,,,,,,,,,,,,,,,,,,,,,,,,,,,,,,,,,,,,,,,,,,,61,58,56,55,58,62,57,,,,,,,,,57,64,59,56,56,52,54,59,51,59,
USW00024233,"SEATTLE TACOMA AIRPORT, WA US",10-06,,,,,,,,,,,,,,,,,,,,,,,,,,,,,,,,,,,,,,,,,,,,,,,,,,,64,56,63,52,57,58,59,,,,,,,,,58,62,58,57,55,52,56,59,50,63,
USW00024233,"SEATTLE TACOMA AIRPORT, WA US",10-07,,,,,,,,,,,,,,,,,,,,,,,,,,,,,,,,,,,,,,,,,,,,,,,,,,,54,54,61,52,56,56,58,,,,,,,,,54,60,60,56,53,54,52,60,47,64,
USW00024233,"SEATTLE TACOMA AIRPORT, WA US",10-08,,,,,,,,,,,,,,,,,,,,,,,,,,,,,,,,,,,,,,,,,,,,,,,,,,,52,53,57,52,55,53,56,,,,,,,,,50,58,61,57,52,54,45,59,50,62,
USW00024233,"SEATTLE TACOMA AIRPORT, WA US",10-09,,,,,,,,,,,,,,,,,,,,,,,,,,,,,,,,,,,,,,,,,,,,,,,,,,,53,49,54,48,50,53,55,,,,,,,,,52,56,63,56,52,54,45,60,52,61,
USW00024233,"SEATTLE TACOMA AIRPORT, WA US",10-10,,,,,,,,,,,,,,,,,,,,,,,,,,,,,,,,,,,,,,,,,,,,,,,,,,,54,50,53,52,49,52,55,,,,,,,,,53,60,57,51,49,53,50,59,46,58,
USW00024233,"SEATTLE TACOMA AIRPORT, WA US",10-11,,,,,,,,,,,,,,,,,,,,,,,,,,,,,,,,,,,,,,,,,,,,,,,,,,,54,54,54,52,51,54,57,,,,,,,,,53,58,57,51,47,54,54,53,44,58,
USW00024233,"SEATTLE TACOMA AIRPORT, WA US",10-12,,,,,,,,,,,,,,,,,,,,,,,,,,,,,,,,,,,,,,,,,,,,,,,,,,,56,54,53,51,50,55,60,,,,,,,,,50,59,58,54,47,54,53,57,46,58,
USW00024233,"SEATTLE TACOMA AIRPORT, WA US",10-13,,,,,,,,,,,,,,,,,,,,,,,,,,,,,,,,,,,,,,,,,,,,,,,,,,,52,52,55,53,53,52,61,,,,,,,,,49,58,53,55,45,55,51,56,50,60,
USW00024233,"SEATTLE TACOMA AIRPORT, WA US",10-14,,,,,,,,,,,,,,,,,,,,,,,,,,,,,,,,,,,,,,,,,,,,,,,,,,,50,48,51,54,56,48,60,,,,,,,,,50,56,55,54,51,55,53,56,54,62,
USW00024233,"SEATTLE TACOMA AIRPORT, WA US",10-15,,,,,,,,,,,,,,,,,,,,,,,,,,,,,,,,,,,,,,,,,,,,,,,,,,,49,48,47,50,60,57,58,,,,,,,,,52,57,57,52,52,56,55,53,59,70,
USW00024233,"SEATTLE TACOMA AIRPORT, WA US",10-16,,,,,,,,,,,,,,,,,,,,,,,,,,,,,,,,,,,,,,,,,,,,,,,,,,,49,51,53,49,55,63,54,,,,,,,,,52,60,59,54,54,56,54,56,56,59,
USW00024233,"SEATTLE TACOMA AIRPORT, WA US",10-17,,,,,,,,,,,,,,,,,,,,,,,,,,,,,,,,,,,,,,,,,,,,,,,,,,,47,54,58,49,50,59,52,,,,,,,,,49,59,57,53,52,57,51,56,51,57,
USW00024233,"SEATTLE TACOMA AIRPORT, WA US",10-18,,,,,,,,,,,,,,,,,,,,,,,,,,,,,,,,,,,,,,,,,,,,,,,,,,,49,57,53,52,55,61,50,,,,,,,,,48,62,58,53,54,53,49,56,51,56,
USW00024233,"SEATTLE TACOMA AIRPORT, WA US",10-19,,,,,,,,,,,,,,,,,,,,,,,,,,,,,,,,,,,,,,,,,,,,,,,,,,,56,53,50,47,55,61,54,,,,,,,,,49,60,57,51,49,51,49,57,55,55,
USW00024233,"SEATTLE TACOMA AIRPORT, WA US",10-20,,,,,,,,,,,,,,,,,,,,,,,,,,,,,,,,,,,,,,,,,,,,,,,,,,,55,54,52,48,56,61,51,,,,,,,,,48,56,54,53,47,49,53,53,58,52,
USW00024233,"SEATTLE TACOMA AIRPORT, WA US",10-21,,,,,,,,,,,,,,,,,,,,,,,,,,,,,,,,,,,,,,,,,,,,,,,,,,,55,54,50,51,55,59,50,,,,,,,,,50,57,54,53,55,48,57,50,55,47,
USW00024233,"SEATTLE TACOMA AIRPORT, WA US",10-22,,,,,,,,,,,,,,,,,,,,,,,,,,,,,,,,,,,,,,,,,,,,,,,,,,,50,50,50,50,49,52,50,,,,,,,,,49,54,51,51,54,47,51,46,51,46,
USW00024233,"SEATTLE TACOMA AIRPORT, WA US",10-23,,,,,,,,,,,,,,,,,,,,,,,,,,,,,,,,,,,,,,,,,,,,,,,,,,,52,52,57,46,44,51,47,,,,,,,,,47,51,51,55,55,53,51,44,53,50,
USW00024233,"SEATTLE TACOMA AIRPORT, WA US",10-24,,,,,,,,,,,,,,,,,,,,,,,,,,,,,,,,,,,,,,,,,,,,,,,,,,,53,50,53,50,46,52,48,,,,,,,,,49,53,54,56,52,56,53,46,55,49,
USW00024233,"SEATTLE TACOMA AIRPORT, WA US",10-25,,,,,,,,,,,,,,,,,,,,,,,,,,,,,,,,,,,,,,,,,,,,,,,,,,,58,47,52,51,43,55,49,,,,,,,,,50,52,54,55,53,58,48,42,51,46,
USW00024233,"SEATTLE TACOMA AIRPORT, WA US",10-26,,,,,,,,,,,,,,,,,,,,,,,,,,,,,,,,,,,,,,,,,,,,,,,,,,,51,47,50,42,45,53,51,,,,,,,,,50,50,53,55,53,53,47,42,50,52,
USW00024233,"SEATTLE TACOMA AIRPORT, WA US",10-27,,,,,,,,,,,,,,,,,,,,,,,,,,,,,,,,,,,,,,,,,,,,,,,,,,,48,51,51,41,49,52,49,,,,,,,,,52,53,54,55,54,54,43,49,53,54,
USW00024233,"SEATTLE TACOMA AIRPORT, WA US",10-28,,,,,,,,,,,,,,,,,,,,,,,,,,,,,,,,,,,,,,,,,,,,,,,,,,,46,49,51,44,47,47,43,,,,,,,,,48,57,56,56,52,49,43,50,50,50,
USW00024233,"SEATTLE TACOMA AIRPORT, WA US",10-29,,,,,,,,,,,,,,,,,,,,,,,,,,,,,,,,,,,,,,,,,,,,,,,,,,,44,53,51,50,42,44,49,,,,,,,,,49,57,58,56,54,51,42,54,44,52,
USW00024233,"SEATTLE TACOMA AIRPORT, WA US",10-30,,,,,,,,,,,,,,,,,,,,,,,,,,,,,,,,,,,,,,,,,,,,,,,,,,,48,48,45,50,47,38,50,,,,,,,,,54,53,57,50,49,53,43,54,48,53,
USW00024233,"SEATTLE TACOMA AIRPORT, WA US",10-31,,,,,,,,,,,,,,,,,,,,,,,,,,,,,,,,,,,,,,,,,,,,,,,,,,,51,48,48,50,45,36,44,,,,,,,,,57,50,53,52,51,58,45,49,51,47,
USW00024233,"SEATTLE TACOMA AIRPORT, WA US",11-01,,,,,,,,,,,,,,,,,,,,,,,,,,,,,,,,,,,,,,,,,,,,,,,,,,,52,44,46,49,45,39,50,,,,,,,,,55,49,51,52,48,58,48,49,48,43,
USW00024233,"SEATTLE TACOMA AIRPORT, WA US",11-02,,,,,,,,,,,,,,,,,,,,,,,,,,,,,,,,,,,,,,,,,,,,,,,,,,,49,46,50,48,41,37,50,,,,,,,,,48,53,47,53,39,54,48,51,52,41,
USW00024233,"SEATTLE TACOMA AIRPORT, WA US",11-03,,,,,,,,,,,,,,,,,,,,,,,,,,,,,,,,,,,,,,,,,,,,,,,,,,,52,43,50,48,41,38,43,,,,,,,,,46,55,44,54,38,55,49,51,54,48,
USW00024233,"SEATTLE TACOMA AIRPORT, WA US",11-04,,,,,,,,,,,,,,,,,,,,,,,,,,,,,,,,,,,,,,,,,,,,,,,,,,,48,42,50,43,52,39,41,,,,,,,,,49,54,48,53,37,53,47,60,49,49,
USW00024233,"SEATTLE TACOMA AIRPORT, WA US",11-05,,,,,,,,,,,,,,,,,,,,,,,,,,,,,,,,,,,,,,,,,,,,,,,,,,,44,55,47,43,50,40,39,,,,,,,,,50,57,50,57,38,51,48,57,45,43,
USW00024233,"SEATTLE TACOMA AIRPORT, WA US",11-06,,,,,,,,,,,,,,,,,,,,,,,,,,,,,,,,,,,,,,,,,,,,,,,,,,,45,55,47,46,53,42,46,,,,,,,,,51,51,53,53,42,49,47,47,43,40,
USW00024233,"SEATTLE TACOMA AIRPORT, WA US",11-07,,,,,,,,,,,,,,,,,,,,,,,,,,,,,,,,,,,,,,,,,,,,,,,,,,,44,52,44,44,50,49,52,,,,,,,,,51,47,50,56,49,43,47,42,44,39,
USW00024233,"SEATTLE TACOMA AIRPORT, WA US",11-08,,,,,,,,,,,,,,,,,,,,,,,,,,,,,,,,,,,,,,,,,,,,,,,,,,,46,52,43,46,50,50,46,,,,,,,,,48,49,47,58,48,41,50,41,49,38,
USW00024233,"SEATTLE TACOMA AIRPORT, WA US",11-09,,,,,,,,,,,,,,,,,,,,,,,,,,,,,,,,,,,,,,,,,,,,,,,,,,,49,50,42,47,48,49,49,,,,,,,,,49,48,45,58,47,43,52,38,45,40,
USW00024233,"SEATTLE TACOMA AIRPORT, WA US",11-10,,,,,,,,,,,,,,,,,,,,,,,,,,,,,,,,,,,,,,,,,,,,,,,,,,,47,55,41,50,52,49,47,,,,,,,,,49,44,49,54,46,42,51,43,49,42,
USW00024233,"SEATTLE TACOMA AIRPORT, WA US",11-11,,,,,,,,,,,,,,,,,,,,,,,,,,,,,,,,,,,,,,,,,,,,,,,,,,,50,50,37,51,53,46,44,,,,,,,,,53,37,45,57,50,48,50,42,55,42,
USW00024233,"SEATTLE TACOMA AIRPORT, WA US",11-12,,,,,,,,,,,,,,,,,,,,,,,,,,,,,,,,,,,,,,,,,,,,,,,,,,,50,49,38,52,51,43,45,,,,,,,,,54,38,52,57,50,49,52,43,49,41,
USW00024233,"SEATTLE TACOMA AIRPORT, WA US",11-13,,,,,,,,,,,,,,,,,,,,,,,,,,,,,,,,,,,,,,,,,,,,,,,,,,,52,55,42,56,49,48,50,,,,,,,,,51,37,49,51,47,50,49,47,54,42,
USW00024233,"SEATTLE TACOMA AIRPORT, WA US",11-14,,,,,,,,,,,,,,,,,,,,,,,,,,,,,,,,,,,,,,,,,,,,,,,,,,,52,52,41,54,46,47,50,,,,,,,,,47,37,42,53,49,52,51,45,58,43,
USW00024233,"SEATTLE TACOMA AIRPORT, WA US",11-15,,,,,,,,,,,,,,,,,,,,,,,,,,,,,,,,,,,,,,,,,,,,,,,,,,,48,52,38,48,47,47,50,,,,,,,,,47,38,41,51,44,53,51,47,43,41,
USW00024233,"SEATTLE TACOMA AIRPORT, WA US",11-16,,,,,,,,,,,,,,,,,,,,,,,,,,,,,,,,,,,,,,,,,,,,,,,,,,,45,46,36,44,49,48,48,,,,,,,,,48,39,50,46,44,48,53,47,40,43,
USW00024233,"SEATTLE TACOMA AIRPORT, WA US",11-17,,,,,,,,,,,,,,,,,,,,,,,,,,,,,,,,,,,,,,,,,,,,,,,,,,,45,46,37,47,49,51,43,,,,,,,,,51,39,45,46,47,45,52,51,46,42,
USW00024233,"SEATTLE TACOMA AIRPORT, WA US",11-18,,,,,,,,,,,,,,,,,,,,,,,,,,,,,,,,,,,,,,,,,,,,,,,,,,,43,51,38,52,54,46,46,,,,,,,,,50,42,44,46,45,44,49,48,42,40,
USW00024233,"SEATTLE TACOMA AIRPORT, WA US",11-19,,,,,,,,,,,,,,,,,,,,,,,,,,,,,,,,,,,,,,,,,,,,,,,,,,,50,44,37,52,54,36,43,,,,,,,,,42,46,39,51,46,43,46,45,44,40,
USW00024233,"SEATTLE TACOMA AIRPORT, WA US",11-20,,,,,,,,,,,,,,,,,,,,,,,,,,,,,,,,,,,,,,,,,,,,,,,,,,,45,43,46,49,53,35,39,,,,,,,,,38,49,40,53,44,50,41,46,41,44,
USW00024233,"SEATTLE TACOMA AIRPORT, WA US",11-21,,,,,,,,,,,,,,,,,,,,,,,,,,,,,,,,,,,,,,,,,,,,,,,,,,,43,44,42,46,51,34,43,,,,,,,,,38,47,40,49,58,49,39,48,40,46,
USW00024233,"SEATTLE TACOMA AIRPORT, WA US",11-22,,,,,,,,,,,,,,,,,,,,,,,,,,,,,,,,,,,,,,,,,,,,,,,,,,,46,45,46,45,47,40,45,,,,,,,,,41,48,39,47,57,47,40,43,44,48,
USW00024233,"SEATTLE TACOMA AIRPORT, WA US",11-23,,,,,,,,,,,,,,,,,,,,,,,,,,,,,,,,,,,,,,,,,,,,,,,,,,,47,48,41,44,43,42,48,,,,,,,,,42,44,41,46,49,44,50,44,42,44,
USW00024233,"SEATTLE TACOMA AIRPORT, WA US",11-24,,,,,,,,,,,,,,,,,,,,,,,,,,,,,,,,,,,,,,,,,,,,,,,,,,,48,45,45,41,38,44,53,,,,,,,,,43,50,38,47,48,44,45,46,44,47,
USW00024233,"SEATTLE TACOMA AIRPORT, WA US",11-25,,,,,,,,,,,,,,,,,,,,,,,,,,,,,,,,,,,,,,,,,,,,,,,,,,,46,43,43,43,41,44,46,,,,,,,,,44,56,38,47,50,48,40,45,48,39,
USW00024233,"SEATTLE TACOMA AIRPORT, WA US",11-26,,,,,,,,,,,,,,,,,,,,,,,,,,,,,,,,,,,,,,,,,,,,,,,,,,,44,42,46,41,42,43,41,,,,,,,,,50,56,38,49,45,54,41,46,49,44,
USW00024233,"SEATTLE TACOMA AIRPORT, WA US",11-27,,,,,,,,,,,,,,,,,,,,,,,,,,,,,,,,,,,,,,,,,,,,,,,,,,,42,51,42,39,43,47,43,,,,,,,,,45,52,36,44,45,50,38,47,57,39,
USW00024233,"SEATTLE TACOMA AIRPORT, WA US",11-28,,,,,,,,,,,,,,,,,,,,,,,,,,,,,,,,,,,,,,,,,,,,,,,,,,,41,50,40,43,41,45,39,,,,,,,,,46,35,34,45,44,47,36,46,53,34,
USW00024233,"SEATTLE TACOMA AIRPORT, WA US",11-29,,,,,,,,,,,,,,,,,,,,,,,,,,,,,,,,,,,,,,,,,,,,,,,,,,,43,48,45,42,39,40,34,,,,,,,,,49,28,32,46,45,46,35,38,53,38,
USW00024233,"SEATTLE TACOMA AIRPORT, WA US",11-30,,,,,,,,,,,,,,,,,,,,,,,,,,,,,,,,,,,,,,,,,,,,,,,,,,,43,46,48,47,42,42,41,,,,,,,,,53,32,42,46,44,44,42,45,54,33,
USW00024233,"SEATTLE TACOMA AIRPORT, WA US",12-01,,,,,,,,,,,,,,,,,,,,,,,,,,,,,,,,,,,,,,,,,,,,,,,,,,,43,43,47,41,44,47,41,,,,,,,,,45,33,43,44,43,43,43,42,50,32,
USW00024233,"SEATTLE TACOMA AIRPORT, WA US",12-02,,,,,,,,,,,,,,,,,,,,,,,,,,,,,,,,,,,,,,,,,,,,,,,,,,,40,41,44,41,39,42,41,,,,,,,,,38,38,49,45,42,41,47,45,40,37,
USW00024233,"SEATTLE TACOMA AIRPORT, WA US",12-03,,,,,,,,,,,,,,,,,,,,,,,,,,,,,,,,,,,,,,,,,,,,,,,,,,,39,44,39,39,45,0,44,,,,,,,,,34,42,48,46,39,39,49,45,39,35,
USW00024233,"SEATTLE TACOMA AIRPORT, WA US",12-04,,,,,,,,,,,,,,,,,,,,,,,,,,,,,,,,,,,,,,,,,,,,,,,,,,,40,46,44,38,44,48,43,,,,,,,,,31,46,46,43,38,37,47,46,38,36,
USW00024233,"SEATTLE TACOMA AIRPORT, WA US",12-05,,,,,,,,,,,,,,,,,,,,,,,,,,,,,,,,,,,,,,,,,,,,,,,,,,,40,46,43,42,44,46,40,,,,,,,,,31,50,48,37,41,40,48,44,38,38,
USW00024233,"SEATTLE TACOMA AIRPORT, WA US",12-06,,,,,,,,,,,,,,,,,,,,,,,,,,,,,,,,,,,,,,,,,,,,,,,,,,,41,44,43,44,39,42,42,,,,,,,,,26,50,49,35,42,39,49,50,44,41,
USW00024233,"SEATTLE TACOMA AIRPORT, WA US",12-07,,,,,,,,,,,,,,,,,,,,,,,,,,,,,,,,,,,,,,,,,,,,,,,,,,,40,42,37,45,39,40,42,,,,,,,,,26,53,52,33,36,42,49,46,46,42,
USW00024233,"SEATTLE TACOMA AIRPORT, WA US",12-08,,,,,,,,,,,,,,,,,,,,,,,,,,,,,,,,,,,,,,,,,,,,,,,,,,,41,44,38,39,41,40,46,,,,,,,,,29,54,52,34,35,45,46,50,40,40,
USW00024233,"SEATTLE TACOMA AIRPORT, WA US",12-09,,,,,,,,,,,,,,,,,,,,,,,,,,,,,,,,,,,,,,,,,,,,,,,,,,,44,44,40,39,45,42,45,,,,,,,,,35,57,49,33,40,44,41,48,40,42,
USW00024233,"SEATTLE TACOMA AIRPORT, WA US",12-10,,,,,,,,,,,,,,,,,,,,,,,,,,,,,,,,,,,,,,,,,,,,,,,,,,,45,48,35,40,47,43,55,,,,,,,,,37,52,45,38,38,45,45,42,44,43,
USW00024233,"SEATTLE TACOMA AIRPORT, WA US",12-11,,,,,,,,,,,,,,,,,,,,,,,,,,,,,,,,,,,,,,,,,,,,,,,,,,,52,43,33,41,51,43,45,,,,,,,,,38,51,44,41,40,45,48,42,39,42,
USW00024233,"SEATTLE TACOMA AIRPORT, WA US",12-12,,,,,,,,,,,,,,,,,,,,,,,,,,,,,,,,,,,,,,,,,,,,,,,,,,,47,39,33,47,48,44,45,,,,,,,,,44,46,45,40,41,47,46,38,39,39,
USW00024233,"SEATTLE TACOMA AIRPORT, WA US",12-13,,,,,,,,,,,,,,,,,,,,,,,,,,,,,,,,,,,,,,,,,,,,,,,,,,,41,44,34,40,53,40,49,,,,,,,,,46,42,43,37,43,49,44,42,38,40,
USW00024233,"SEATTLE TACOMA AIRPORT, WA US",12-14,,,,,,,,,,,,,,,,,,,,,,,,,,,,,,,,,,,,,,,,,,,,,,,,,,,43,50,37,42,49,42,50,,,,,,,,,49,49,38,33,41,46,42,45,39,37,
USW00024233,"SEATTLE TACOMA AIRPORT, WA US",12-15,,,,,,,,,,,,,,,,,,,,,,,,,,,,,,,,,,,,,,,,,,,,,,,,,,,47,47,39,47,44,46,47,,,,,,,,,48,49,42,34,41,49,41,45,39,35,
USW00024233,"SEATTLE TACOMA AIRPORT, WA US",12-16,,,,,,,,,,,,,,,,,,,,,,,,,,,,,,,,,,,,,,,,,,,,,,,,,,,43,47,44,40,41,45,41,,,,,,,,,42,47,40,32,44,50,42,47,39,34,
USW00024233,"SEATTLE TACOMA AIRPORT, WA US",12-17,,,,,,,,,,,,,,,,,,,,,,,,,,,,,,,,,,,,,,,,,,,,,,,,,,,37,45,41,41,41,46,43,,,,,,,,,45,46,43,28,48,49,43,47,42,39,
USW00024233,"SEATTLE TACOMA AIRPORT, WA US",12-18,,,,,,,,,,,,,,,,,,,,,,,,,,,,,,,,,,,,,,,,,,,,,,,,,,,27,43,39,38,44,45,48,,,,,,,,,38,48,41,32,44,47,44,46,40,32,
USW00024233,"SEATTLE TACOMA AIRPORT, WA US",12-19,,,,,,,,,,,,,,,,,,,,,,,,,,,,,,,,,,,,,,,,,,,,,,,,,,,20,44,37,39,46,46,44,,,,,,,,,36,46,44,39,41,51,52,48,37,34,
USW00024233,"SEATTLE TACOMA AIRPORT, WA US",12-20,,,,,,,,,,,,,,,,,,,,,,,,,,,,,,,,,,,,,,,,,,,,,,,,,,,22,42,37,40,42,45,39,,,,,,,,,44,52,40,45,34,41,48,50,35,28,
USW00024233,"SEATTLE TACOMA AIRPORT, WA US",12-21,,,,,,,,,,,,,,,,,,,,,,,,,,,,,,,,,,,,,,,,,,,,,,,,,,,23,38,44,41,40,44,40,,,,,,,,,48,49,41,42,38,41,43,49,43,21,
USW00024233,"SEATTLE TACOMA AIRPORT, WA US",12-22,,,,,,,,,,,,,,,,,,,,,,,,,,,,,,,,,,,,,,,,,,,,,,,,,,,25,38,42,41,37,47,41,,,,,,,,,51,47,40,39,35,44,42,39,43,26,
USW00024233,"SEATTLE TACOMA AIRPORT, WA US",12-23,,,,,,,,,,,,,,,,,,,,,,,,,,,,,,,,,,,,,,,,,,,,,,,,,,,35,37,44,44,39,46,36,,,,,,,,,44,42,39,39,34,45,38,37,38,40,
USW00024233,"SEATTLE TACOMA AIRPORT, WA US",12-24,,,,,,,,,,,,,,,,,,,,,,,,,,,,,,,,,,,,,,,,,,,,,,,,,,,45,37,44,39,47,40,37,,,,,,,,,39,42,38,37,32,41,40,36,37,50,
USW00024233,"SEATTLE TACOMA AIRPORT, WA US",12-25,,,,,,,,,,,,,,,,,,,,,,,,,,,,,,,,,,,,,,,,,,,,,,,,,,,42,35,46,39,42,37,42,,,,,,,,,39,38,36,36,34,41,35,41,29,52,
USW00024233,"SEATTLE TACOMA AIRPORT, WA US",12-26,,,,,,,,,,,,,,,,,,,,,,,,,,,,,,,,,,,,,,,,,,,,,,,,,,,46,34,48,45,45,37,42,,,,,,,,,38,42,38,36,35,41,39,45,20,50,
USW00024233,"SEATTLE TACOMA AIRPORT, WA US",12-27,,,,,,,,,,,,,,,,,,,,,,,,,,,,,,,,,,,,,,,,,,,,,,,,,,,50,38,45,46,39,35,42,,,,,,,,,45,43,37,41,42,41,44,44,25,44,
USW00024233,"SEATTLE TACOMA AIRPORT, WA US",12-28,,,,,,,,,,,,,,,,,,,,,,,,,,,,,,,,,,,,,,,,,,,,,,,,,,,50,38,41,42,39,33,34,,,,,,,,,40,39,39,41,46,49,45,41,26,43,
USW00024233,"SEATTLE TACOMA AIRPORT, WA US",12-29,,,,,,,,,,,,,,,,,,,,,,,,,,,,,,,,,,,,,,,,,,,,,,,,,,,47,41,41,41,41,30,40,,,,,,,,,42,34,36,42,47,45,46,39,30,46,
USW00024233,"SEATTLE TACOMA AIRPORT, WA US",12-30,,,,,,,,,,,,,,,,,,,,,,,,,,,,,,,,,,,,,,,,,,,,,,,,,,,46,41,47,44,43,34,40,,,,,,,,,46,32,34,42,39,39,48,42,29,46,
USW00024233,"SEATTLE TACOMA AIRPORT, WA US",12-31,,,,,,,,,,,,,,,,,,,,,,,,,,,,,,,,,,,,,,,,,,,,,,,,,,,,,47,,,,40,,,,,,,,,,,,42,,,,42,,,
